DATAFLOW,FREQ,INDICATOR,ECONOMY_CODE,TIME_PERIOD,OBS_VALUE,UNIT,UNIT_MULT,DECIMALS,FOOTNOTE,OBS_STATUS,REF_YEAR,BASE_YEAR,DATA_SOURCE,METHODOLOGY
ADB:DF_NA(1.0),A,NGDP_XDC,INO,2005,2774.2811,IDR,12,0,"1) For 2010 onward, data are based on the 2008 System of National Accounts. Base year was also changed from 2000 to 2010.|2) 2024, 2025: For 2024, data refer to preliminary figures. For 2025, data refer to very preliminary figures.",A,Calendar Year,,BPS Statistics Indonesia,
ADB:DF_NA(1.0),A,NGDP_XDC,INO,2006,3339.2168,IDR,12,0,"1) For 2010 onward, data are based on the 2008 System of National Accounts. Base year was also changed from 2000 to 2010.|2) 2024, 2025: For 2024, data refer to preliminary figures. For 2025, data refer to very preliminary figures.",A,Calendar Year,,BPS Statistics Indonesia,
ADB:DF_NA(1.0),A,NGDP_XDC,INO,2007,3950.8932,IDR,12,0,"1) For 2010 onward, data are based on the 2008 System of National Accounts. Base year was also changed from 2000 to 2010.|2) 2024, 2025: For 2024, data refer to preliminary figures. For 2025, data refer to very preliminary figures.",A,Calendar Year,,BPS Statistics Indonesia,
ADB:DF_NA(1.0),A,NGDP_XDC,INO,2008,4948.6884,IDR,12,0,"1) For 2010 onward, data are based on the 2008 System of National Accounts. Base year was also changed from 2000 to 2010.|2) 2024, 2025: For 2024, data refer to preliminary figures. For 2025, data refer to very preliminary figures.",A,Calendar Year,,BPS Statistics Indonesia,
ADB:DF_NA(1.0),A,NGDP_XDC,INO,2009,5606.203,IDR,12,0,"1) For 2010 onward, data are based on the 2008 System of National Accounts. Base year was also changed from 2000 to 2010.|2) 2024, 2025: For 2024, data refer to preliminary figures. For 2025, data refer to very preliminary figures.",A,Calendar Year,,BPS Statistics Indonesia,
ADB:DF_NA(1.0),A,NGDP_XDC,INO,2010,6864.1331,IDR,12,0,"1) For 2010 onward, data are based on the 2008 System of National Accounts. Base year was also changed from 2000 to 2010.|2) 2024, 2025: For 2024, data refer to preliminary figures. For 2025, data refer to very preliminary figures.",B,Calendar Year,,BPS Statistics Indonesia,System of National Accounts - 2008
ADB:DF_NA(1.0),A,NGDP_XDC,INO,2011,7831.726,IDR,12,0,"1) For 2010 onward, data are based on the 2008 System of National Accounts. Base year was also changed from 2000 to 2010.|2) 2024, 2025: For 2024, data refer to preliminary figures. For 2025, data refer to very preliminary figures.",A,Calendar Year,,BPS Statistics Indonesia,System of National Accounts - 2008
ADB:DF_NA(1.0),A,NGDP_XDC,INO,2012,8615.7045,IDR,12,0,"1) For 2010 onward, data are based on the 2008 System of National Accounts. Base year was also changed from 2000 to 2010.|2) 2024, 2025: For 2024, data refer to preliminary figures. For 2025, data refer to very preliminary figures.",A,Calendar Year,,BPS Statistics Indonesia,System of National Accounts - 2008
ADB:DF_NA(1.0),A,NGDP_XDC,INO,2013,9546.134,IDR,12,0,"1) For 2010 onward, data are based on the 2008 System of National Accounts. Base year was also changed from 2000 to 2010.|2) 2024, 2025: For 2024, data refer to preliminary figures. For 2025, data refer to very preliminary figures.",A,Calendar Year,,BPS Statistics Indonesia,System of National Accounts - 2008
ADB:DF_NA(1.0),A,NGDP_XDC,INO,2014,10569.7053,IDR,12,0,"1) For 2010 onward, data are based on the 2008 System of National Accounts. Base year was also changed from 2000 to 2010.|2) 2024, 2025: For 2024, data refer to preliminary figures. For 2025, data refer to very preliminary figures.",A,Calendar Year,,BPS Statistics Indonesia,System of National Accounts - 2008
ADB:DF_NA(1.0),A,NGDP_XDC,INO,2015,11526.3328,IDR,12,0,"1) For 2010 onward, data are based on the 2008 System of National Accounts. Base year was also changed from 2000 to 2010.|2) 2024, 2025: For 2024, data refer to preliminary figures. For 2025, data refer to very preliminary figures.",A,Calendar Year,,BPS Statistics Indonesia,System of National Accounts - 2008
ADB:DF_NA(1.0),A,NGDP_XDC,INO,2016,12401.7285,IDR,12,0,"1) For 2010 onward, data are based on the 2008 System of National Accounts. Base year was also changed from 2000 to 2010.|2) 2024, 2025: For 2024, data refer to preliminary figures. For 2025, data refer to very preliminary figures.",A,Calendar Year,,BPS Statistics Indonesia,System of National Accounts - 2008
ADB:DF_NA(1.0),A,NGDP_XDC,INO,2017,13589.8257,IDR,12,0,"1) For 2010 onward, data are based on the 2008 System of National Accounts. Base year was also changed from 2000 to 2010.|2) 2024, 2025: For 2024, data refer to preliminary figures. For 2025, data refer to very preliminary figures.",A,Calendar Year,,BPS Statistics Indonesia,System of National Accounts - 2008
ADB:DF_NA(1.0),A,NGDP_XDC,INO,2018,14838.756,IDR,12,0,"1) For 2010 onward, data are based on the 2008 System of National Accounts. Base year was also changed from 2000 to 2010.|2) 2024, 2025: For 2024, data refer to preliminary figures. For 2025, data refer to very preliminary figures.",A,Calendar Year,,BPS Statistics Indonesia,System of National Accounts - 2008
ADB:DF_NA(1.0),A,NGDP_XDC,INO,2019,15832.6572,IDR,12,0,"1) For 2010 onward, data are based on the 2008 System of National Accounts. Base year was also changed from 2000 to 2010.|2) 2024, 2025: For 2024, data refer to preliminary figures. For 2025, data refer to very preliminary figures.",A,Calendar Year,,BPS Statistics Indonesia,System of National Accounts - 2008
ADB:DF_NA(1.0),A,NGDP_XDC,INO,2020,15443.3532,IDR,12,0,"1) For 2010 onward, data are based on the 2008 System of National Accounts. Base year was also changed from 2000 to 2010.|2) 2024, 2025: For 2024, data refer to preliminary figures. For 2025, data refer to very preliminary figures.",A,Calendar Year,,BPS Statistics Indonesia,System of National Accounts - 2008
ADB:DF_NA(1.0),A,NGDP_XDC,INO,2021,16976.8,IDR,12,0,"1) For 2010 onward, data are based on the 2008 System of National Accounts. Base year was also changed from 2000 to 2010.|2) 2024, 2025: For 2024, data refer to preliminary figures. For 2025, data refer to very preliminary figures.",A,Calendar Year,,BPS Statistics Indonesia,System of National Accounts - 2008
ADB:DF_NA(1.0),A,NGDP_XDC,INO,2022,19588.4599,IDR,12,0,"1) For 2010 onward, data are based on the 2008 System of National Accounts. Base year was also changed from 2000 to 2010.|2) 2024, 2025: For 2024, data refer to preliminary figures. For 2025, data refer to very preliminary figures.",A,Calendar Year,,BPS Statistics Indonesia,System of National Accounts - 2008
ADB:DF_NA(1.0),A,NGDP_XDC,INO,2023,20892.3123,IDR,12,0,"1) For 2010 onward, data are based on the 2008 System of National Accounts. Base year was also changed from 2000 to 2010.|2) 2024, 2025: For 2024, data refer to preliminary figures. For 2025, data refer to very preliminary figures.",A,Calendar Year,,BPS Statistics Indonesia,System of National Accounts - 2008
ADB:DF_NA(1.0),A,NGDP_XDC,INO,2024,22138.9908,IDR,12,0,"1) For 2010 onward, data are based on the 2008 System of National Accounts. Base year was also changed from 2000 to 2010.|2) 2024, 2025: For 2024, data refer to preliminary figures. For 2025, data refer to very preliminary figures.",P,Calendar Year,,BPS Statistics Indonesia,System of National Accounts - 2008
ADB:DF_NA(1.0),A,NGDP_XDC,INO,2025,23821.1036,IDR,12,0,"1) For 2010 onward, data are based on the 2008 System of National Accounts. Base year was also changed from 2000 to 2010.|2) 2024, 2025: For 2024, data refer to preliminary figures. For 2025, data refer to very preliminary figures.",P,Calendar Year,,BPS Statistics Indonesia,System of National Accounts - 2008
ADB:DF_NA(1.0),A,NGDP_XDC,MAL,2005,543578,MYR,6,0,,A,Calendar Year,,Department of Statistics,
ADB:DF_NA(1.0),A,NGDP_XDC,MAL,2006,596784,MYR,6,0,,A,Calendar Year,,Department of Statistics,
ADB:DF_NA(1.0),A,NGDP_XDC,MAL,2007,665340,MYR,6,0,,A,Calendar Year,,Department of Statistics,
ADB:DF_NA(1.0),A,NGDP_XDC,MAL,2008,769949,MYR,6,0,,A,Calendar Year,,Department of Statistics,
ADB:DF_NA(1.0),A,NGDP_XDC,MAL,2009,712857,MYR,6,0,,A,Calendar Year,,Department of Statistics,
ADB:DF_NA(1.0),A,NGDP_XDC,MAL,2010,821434,MYR,6,0,,A,Calendar Year,,Department of Statistics,
ADB:DF_NA(1.0),A,NGDP_XDC,MAL,2011,911733,MYR,6,0,,A,Calendar Year,,Department of Statistics,
ADB:DF_NA(1.0),A,NGDP_XDC,MAL,2012,971252,MYR,6,0,,A,Calendar Year,,Department of Statistics,
ADB:DF_NA(1.0),A,NGDP_XDC,MAL,2013,1018614,MYR,6,0,,A,Calendar Year,,Department of Statistics,
ADB:DF_NA(1.0),A,NGDP_XDC,MAL,2014,1106443,MYR,6,0,,A,Calendar Year,,Department of Statistics,
ADB:DF_NA(1.0),A,NGDP_XDC,MAL,2015,1176941.187,MYR,6,0,,A,Calendar Year,,Department of Statistics,
ADB:DF_NA(1.0),A,NGDP_XDC,MAL,2016,1249697.694,MYR,6,0,,A,Calendar Year,,Department of Statistics,
ADB:DF_NA(1.0),A,NGDP_XDC,MAL,2017,1372309.832,MYR,6,0,,A,Calendar Year,,Department of Statistics,
ADB:DF_NA(1.0),A,NGDP_XDC,MAL,2018,1447759.635,MYR,6,0,,A,Calendar Year,,Department of Statistics,
ADB:DF_NA(1.0),A,NGDP_XDC,MAL,2019,1512737.754,MYR,6,0,,A,Calendar Year,,Department of Statistics,
ADB:DF_NA(1.0),A,NGDP_XDC,MAL,2020,1418490.911,MYR,6,0,,A,Calendar Year,,Department of Statistics,
ADB:DF_NA(1.0),A,NGDP_XDC,MAL,2021,1548700.791,MYR,6,0,,A,Calendar Year,,Department of Statistics,
ADB:DF_NA(1.0),A,NGDP_XDC,MAL,2022,1794893.14,MYR,6,0,,A,Calendar Year,,Department of Statistics,
ADB:DF_NA(1.0),A,NGDP_XDC,MAL,2023,1825325.444,MYR,6,0,,A,Calendar Year,,Department of Statistics,
ADB:DF_NA(1.0),A,NGDP_XDC,MAL,2024,1933209.415,MYR,6,0,,A,Calendar Year,,Department of Statistics,
ADB:DF_NA(1.0),A,NGDP_XDC,MAL,2025,2025379.14,MYR,6,0,,A,Calendar Year,,Department of Statistics,
ADB:DF_NA(1.0),A,NGDP_XDC,SIN,2005,212723,SGD,6,1,,A,Calendar Year,,Singapore Department of Statistics,
ADB:DF_NA(1.0),A,NGDP_XDC,SIN,2006,236158.8,SGD,6,1,,A,Calendar Year,,Singapore Department of Statistics,
ADB:DF_NA(1.0),A,NGDP_XDC,SIN,2007,272697.6,SGD,6,1,,A,Calendar Year,,Singapore Department of Statistics,
ADB:DF_NA(1.0),A,NGDP_XDC,SIN,2008,273941.6,SGD,6,1,,A,Calendar Year,,Singapore Department of Statistics,
ADB:DF_NA(1.0),A,NGDP_XDC,SIN,2009,282394.5,SGD,6,1,,A,Calendar Year,,Singapore Department of Statistics,
ADB:DF_NA(1.0),A,NGDP_XDC,SIN,2010,326980.1,SGD,6,1,,A,Calendar Year,,Singapore Department of Statistics,
ADB:DF_NA(1.0),A,NGDP_XDC,SIN,2011,351367.9,SGD,6,1,,A,Calendar Year,,Singapore Department of Statistics,
ADB:DF_NA(1.0),A,NGDP_XDC,SIN,2012,368770.5,SGD,6,1,,A,Calendar Year,,Singapore Department of Statistics,
ADB:DF_NA(1.0),A,NGDP_XDC,SIN,2013,384870.3,SGD,6,1,,A,Calendar Year,,Singapore Department of Statistics,
ADB:DF_NA(1.0),A,NGDP_XDC,SIN,2014,398947.9,SGD,6,1,,A,Calendar Year,,Singapore Department of Statistics,
ADB:DF_NA(1.0),A,NGDP_XDC,SIN,2015,423444.1,SGD,6,1,,A,Calendar Year,,Singapore Department of Statistics,
ADB:DF_NA(1.0),A,NGDP_XDC,SIN,2016,443143.6,SGD,6,1,,A,Calendar Year,,Singapore Department of Statistics,
ADB:DF_NA(1.0),A,NGDP_XDC,SIN,2017,476136.2,SGD,6,1,,A,Calendar Year,,Singapore Department of Statistics,
ADB:DF_NA(1.0),A,NGDP_XDC,SIN,2018,509830.4,SGD,6,1,,A,Calendar Year,,Singapore Department of Statistics,
ADB:DF_NA(1.0),A,NGDP_XDC,SIN,2019,514052.1,SGD,6,1,,A,Calendar Year,,Singapore Department of Statistics,
ADB:DF_NA(1.0),A,NGDP_XDC,SIN,2020,484602,SGD,6,1,,A,Calendar Year,,Singapore Department of Statistics,
ADB:DF_NA(1.0),A,NGDP_XDC,SIN,2021,592625,SGD,6,1,,A,Calendar Year,,Singapore Department of Statistics,
ADB:DF_NA(1.0),A,NGDP_XDC,SIN,2022,708983,SGD,6,1,,A,Calendar Year,,Singapore Department of Statistics,
ADB:DF_NA(1.0),A,NGDP_XDC,SIN,2023,686398,SGD,6,1,,A,Calendar Year,,Singapore Department of Statistics,
ADB:DF_NA(1.0),A,NGDP_XDC,SIN,2024,765497.5,SGD,6,1,,A,Calendar Year,,Singapore Department of Statistics,
ADB:DF_NA(1.0),A,NGDP_XDC,SIN,2025,789529.2,SGD,6,1,,A,Calendar Year,,Singapore Department of Statistics,
ADB:DF_NA(1.0),A,NGDP_XDC,THA,2005,7614.413,THB,9,0,,A,Calendar Year,,National Economic and Social Development Council,
ADB:DF_NA(1.0),A,NGDP_XDC,THA,2006,8400.647,THB,9,0,,A,Calendar Year,,National Economic and Social Development Council,
ADB:DF_NA(1.0),A,NGDP_XDC,THA,2007,9076.303,THB,9,0,,A,Calendar Year,,National Economic and Social Development Council,
ADB:DF_NA(1.0),A,NGDP_XDC,THA,2008,9706.929,THB,9,0,,A,Calendar Year,,National Economic and Social Development Council,
ADB:DF_NA(1.0),A,NGDP_XDC,THA,2009,9658.664,THB,9,0,,A,Calendar Year,,National Economic and Social Development Council,
ADB:DF_NA(1.0),A,NGDP_XDC,THA,2010,10808.142,THB,9,0,,A,Calendar Year,,National Economic and Social Development Council,
ADB:DF_NA(1.0),A,NGDP_XDC,THA,2011,11306.907,THB,9,0,,A,Calendar Year,,National Economic and Social Development Council,
ADB:DF_NA(1.0),A,NGDP_XDC,THA,2012,12357.344,THB,9,0,,A,Calendar Year,,National Economic and Social Development Council,
ADB:DF_NA(1.0),A,NGDP_XDC,THA,2013,12915.159,THB,9,0,,A,Calendar Year,,National Economic and Social Development Council,
ADB:DF_NA(1.0),A,NGDP_XDC,THA,2014,13230.306,THB,9,0,,A,Calendar Year,,National Economic and Social Development Council,
ADB:DF_NA(1.0),A,NGDP_XDC,THA,2015,13743.478,THB,9,0,,A,Calendar Year,,National Economic and Social Development Council,
ADB:DF_NA(1.0),A,NGDP_XDC,THA,2016,14590.337,THB,9,0,,A,Calendar Year,,National Economic and Social Development Council,
ADB:DF_NA(1.0),A,NGDP_XDC,THA,2017,15488.664,THB,9,0,,A,Calendar Year,,National Economic and Social Development Council,
ADB:DF_NA(1.0),A,NGDP_XDC,THA,2018,16373.34,THB,9,0,,A,Calendar Year,,National Economic and Social Development Council,
ADB:DF_NA(1.0),A,NGDP_XDC,THA,2019,16889.174,THB,9,0,,A,Calendar Year,,National Economic and Social Development Council,
ADB:DF_NA(1.0),A,NGDP_XDC,THA,2020,15655.44,THB,9,0,,A,Calendar Year,,National Economic and Social Development Council,
ADB:DF_NA(1.0),A,NGDP_XDC,THA,2021,16182.001,THB,9,0,,A,Calendar Year,,National Economic and Social Development Council,
ADB:DF_NA(1.0),A,NGDP_XDC,THA,2022,17379.625,THB,9,0,,A,Calendar Year,,National Economic and Social Development Council,
ADB:DF_NA(1.0),A,NGDP_XDC,THA,2023,17993.197,THB,9,0,,P,Calendar Year,,National Economic and Social Development Council,
ADB:DF_NA(1.0),A,NGDP_XDC,THA,2024,18683.888,THB,9,0,,P,Calendar Year,,National Economic and Social Development Council,
ADB:DF_NA(1.0),A,NGDP_XDC,THA,2025,18973.709,THB,9,0,,P,Calendar Year,,National Economic and Social Development Council,
ADB:DF_NA(1.0),A,NGDP_XDC,VIE,2005,914000.8385,VND,9,0,"2005-2010: For 2000–2009, the GDP data series is based on unreassessed/unreevaluated scale. Starting 2010, the GDP data are based on the reevaluated scale.",A,Calendar Year,,National Statistics Office,
ADB:DF_NA(1.0),A,NGDP_XDC,VIE,2006,1061564.519,VND,9,0,"2005-2010: For 2000–2009, the GDP data series is based on unreassessed/unreevaluated scale. Starting 2010, the GDP data are based on the reevaluated scale.",A,Calendar Year,,National Statistics Office,
ADB:DF_NA(1.0),A,NGDP_XDC,VIE,2007,1246769.289,VND,9,0,"2005-2010: For 2000–2009, the GDP data series is based on unreassessed/unreevaluated scale. Starting 2010, the GDP data are based on the reevaluated scale.",A,Calendar Year,,National Statistics Office,
ADB:DF_NA(1.0),A,NGDP_XDC,VIE,2008,1616047.129,VND,9,0,"2005-2010: For 2000–2009, the GDP data series is based on unreassessed/unreevaluated scale. Starting 2010, the GDP data are based on the reevaluated scale.",A,Calendar Year,,National Statistics Office,
ADB:DF_NA(1.0),A,NGDP_XDC,VIE,2009,1809148.95,VND,9,0,"2005-2010: For 2000–2009, the GDP data series is based on unreassessed/unreevaluated scale. Starting 2010, the GDP data are based on the reevaluated scale.",A,Calendar Year,,National Statistics Office,
ADB:DF_NA(1.0),A,NGDP_XDC,VIE,2010,2739843,VND,9,0,"2005-2010: For 2000–2009, the GDP data series is based on unreassessed/unreevaluated scale. Starting 2010, the GDP data are based on the reevaluated scale.",B,Calendar Year,,National Statistics Office,
ADB:DF_NA(1.0),A,NGDP_XDC,VIE,2011,3539881,VND,9,0,"2005-2010: For 2000–2009, the GDP data series is based on unreassessed/unreevaluated scale. Starting 2010, the GDP data are based on the reevaluated scale.",A,Calendar Year,,National Statistics Office,
ADB:DF_NA(1.0),A,NGDP_XDC,VIE,2012,4073762,VND,9,0,"2005-2010: For 2000–2009, the GDP data series is based on unreassessed/unreevaluated scale. Starting 2010, the GDP data are based on the reevaluated scale.",A,Calendar Year,,National Statistics Office,
ADB:DF_NA(1.0),A,NGDP_XDC,VIE,2013,4473656,VND,9,0,"2005-2010: For 2000–2009, the GDP data series is based on unreassessed/unreevaluated scale. Starting 2010, the GDP data are based on the reevaluated scale.",A,Calendar Year,,National Statistics Office,
ADB:DF_NA(1.0),A,NGDP_XDC,VIE,2014,4937032,VND,9,0,"2005-2010: For 2000–2009, the GDP data series is based on unreassessed/unreevaluated scale. Starting 2010, the GDP data are based on the reevaluated scale.",A,Calendar Year,,National Statistics Office,
ADB:DF_NA(1.0),A,NGDP_XDC,VIE,2015,5191324,VND,9,0,"2005-2010: For 2000–2009, the GDP data series is based on unreassessed/unreevaluated scale. Starting 2010, the GDP data are based on the reevaluated scale.",A,Calendar Year,,National Statistics Office,
ADB:DF_NA(1.0),A,NGDP_XDC,VIE,2016,5639401,VND,9,0,"2005-2010: For 2000–2009, the GDP data series is based on unreassessed/unreevaluated scale. Starting 2010, the GDP data are based on the reevaluated scale.",A,Calendar Year,,National Statistics Office,
ADB:DF_NA(1.0),A,NGDP_XDC,VIE,2017,6293905,VND,9,0,"2005-2010: For 2000–2009, the GDP data series is based on unreassessed/unreevaluated scale. Starting 2010, the GDP data are based on the reevaluated scale.",A,Calendar Year,,National Statistics Office,
ADB:DF_NA(1.0),A,NGDP_XDC,VIE,2018,7009042,VND,9,0,"2005-2010: For 2000–2009, the GDP data series is based on unreassessed/unreevaluated scale. Starting 2010, the GDP data are based on the reevaluated scale.",A,Calendar Year,,National Statistics Office,
ADB:DF_NA(1.0),A,NGDP_XDC,VIE,2019,7707200,VND,9,0,"2005-2010: For 2000–2009, the GDP data series is based on unreassessed/unreevaluated scale. Starting 2010, the GDP data are based on the reevaluated scale.",A,Calendar Year,,National Statistics Office,
ADB:DF_NA(1.0),A,NGDP_XDC,VIE,2020,8044386,VND,9,0,"2005-2010: For 2000–2009, the GDP data series is based on unreassessed/unreevaluated scale. Starting 2010, the GDP data are based on the reevaluated scale.",A,Calendar Year,,National Statistics Office,
ADB:DF_NA(1.0),A,NGDP_XDC,VIE,2021,8487475.6,VND,9,0,"2005-2010: For 2000–2009, the GDP data series is based on unreassessed/unreevaluated scale. Starting 2010, the GDP data are based on the reevaluated scale.",A,Calendar Year,,National Statistics Office,
ADB:DF_NA(1.0),A,NGDP_XDC,VIE,2022,9621371.8,VND,9,0,"2005-2010: For 2000–2009, the GDP data series is based on unreassessed/unreevaluated scale. Starting 2010, the GDP data are based on the reevaluated scale.",A,Calendar Year,,National Statistics Office,
ADB:DF_NA(1.0),A,NGDP_XDC,VIE,2023,10319058.9,VND,9,0,"2005-2010: For 2000–2009, the GDP data series is based on unreassessed/unreevaluated scale. Starting 2010, the GDP data are based on the reevaluated scale.",A,Calendar Year,,National Statistics Office,
ADB:DF_NA(1.0),A,NGDP_XDC,VIE,2024,11510328.9,VND,9,0,"2005-2010: For 2000–2009, the GDP data series is based on unreassessed/unreevaluated scale. Starting 2010, the GDP data are based on the reevaluated scale.",A,Calendar Year,,National Statistics Office,
ADB:DF_NA(1.0),A,NGDP_XDC,VIE,2025,12847571.22,VND,9,0,"2005-2010: For 2000–2009, the GDP data series is based on unreassessed/unreevaluated scale. Starting 2010, the GDP data are based on the reevaluated scale.",A,Calendar Year,,National Statistics Office,
ADB:DF_NA(1.0),A,NGDPVA_ISIC4_C_XDC,INO,2005,760.3613,IDR,12,0,,A,Calendar Year,,BPS Statistics Indonesia,
ADB:DF_NA(1.0),A,NGDPVA_ISIC4_C_XDC,INO,2006,919.5393,IDR,12,0,,A,Calendar Year,,BPS Statistics Indonesia,
ADB:DF_NA(1.0),A,NGDPVA_ISIC4_C_XDC,INO,2007,1068.6539,IDR,12,0,,A,Calendar Year,,BPS Statistics Indonesia,
ADB:DF_NA(1.0),A,NGDPVA_ISIC4_C_XDC,INO,2008,1376.4417,IDR,12,0,,A,Calendar Year,,BPS Statistics Indonesia,
ADB:DF_NA(1.0),A,NGDPVA_ISIC4_C_XDC,INO,2009,1477.541,IDR,12,0,,A,Calendar Year,,BPS Statistics Indonesia,
ADB:DF_NA(1.0),A,NGDPVA_ISIC4_C_XDC,INO,2010,1512.7608,IDR,12,0,,B,Calendar Year,,BPS Statistics Indonesia,System of National Accounts - 2008
ADB:DF_NA(1.0),A,NGDPVA_ISIC4_C_XDC,INO,2011,1704.2505,IDR,12,0,,A,Calendar Year,,BPS Statistics Indonesia,System of National Accounts - 2008
ADB:DF_NA(1.0),A,NGDPVA_ISIC4_C_XDC,INO,2012,1848.1509,IDR,12,0,,A,Calendar Year,,BPS Statistics Indonesia,System of National Accounts - 2008
ADB:DF_NA(1.0),A,NGDPVA_ISIC4_C_XDC,INO,2013,2007.4268,IDR,12,0,,A,Calendar Year,,BPS Statistics Indonesia,System of National Accounts - 2008
ADB:DF_NA(1.0),A,NGDPVA_ISIC4_C_XDC,INO,2014,2227.584,IDR,12,0,,A,Calendar Year,,BPS Statistics Indonesia,System of National Accounts - 2008
ADB:DF_NA(1.0),A,NGDPVA_ISIC4_C_XDC,INO,2015,2418.8917,IDR,12,0,,A,Calendar Year,,BPS Statistics Indonesia,System of National Accounts - 2008
ADB:DF_NA(1.0),A,NGDPVA_ISIC4_C_XDC,INO,2016,2545.2036,IDR,12,0,,A,Calendar Year,,BPS Statistics Indonesia,System of National Accounts - 2008
ADB:DF_NA(1.0),A,NGDPVA_ISIC4_C_XDC,INO,2017,2739.7119,IDR,12,0,,A,Calendar Year,,BPS Statistics Indonesia,System of National Accounts - 2008
ADB:DF_NA(1.0),A,NGDPVA_ISIC4_C_XDC,INO,2018,2947.4508,IDR,12,0,,A,Calendar Year,,BPS Statistics Indonesia,System of National Accounts - 2008
ADB:DF_NA(1.0),A,NGDPVA_ISIC4_C_XDC,INO,2019,3119.5938,IDR,12,0,,A,Calendar Year,,BPS Statistics Indonesia,System of National Accounts - 2008
ADB:DF_NA(1.0),A,NGDPVA_ISIC4_C_XDC,INO,2020,3068.0417,IDR,12,0,,A,Calendar Year,,BPS Statistics Indonesia,System of National Accounts - 2008
ADB:DF_NA(1.0),A,NGDPVA_ISIC4_C_XDC,INO,2021,3266.9,IDR,12,0,,A,Calendar Year,,BPS Statistics Indonesia,System of National Accounts - 2008
ADB:DF_NA(1.0),A,NGDPVA_ISIC4_C_XDC,INO,2022,3591.7747,IDR,12,0,,A,Calendar Year,,BPS Statistics Indonesia,System of National Accounts - 2008
ADB:DF_NA(1.0),A,NGDPVA_ISIC4_C_XDC,INO,2023,3900.0617,IDR,12,0,,A,Calendar Year,,BPS Statistics Indonesia,System of National Accounts - 2008
ADB:DF_NA(1.0),A,NGDPVA_ISIC4_C_XDC,INO,2024,4202.8669,IDR,12,0,,P,Calendar Year,,BPS Statistics Indonesia,System of National Accounts - 2008
ADB:DF_NA(1.0),A,NGDPVA_ISIC4_C_XDC,INO,2025,4541.5196,IDR,12,0,,P,Calendar Year,,BPS Statistics Indonesia,System of National Accounts - 2008
ADB:DF_NA(1.0),A,NGDPVA_ISIC4_C_XDC,MAL,2005,149754,MYR,6,0,,A,Calendar Year,,Department of Statistics,
ADB:DF_NA(1.0),A,NGDPVA_ISIC4_C_XDC,MAL,2006,164510,MYR,6,0,,A,Calendar Year,,Department of Statistics,
ADB:DF_NA(1.0),A,NGDPVA_ISIC4_C_XDC,MAL,2007,173804,MYR,6,0,,A,Calendar Year,,Department of Statistics,
ADB:DF_NA(1.0),A,NGDPVA_ISIC4_C_XDC,MAL,2008,189105,MYR,6,0,,A,Calendar Year,,Department of Statistics,
ADB:DF_NA(1.0),A,NGDPVA_ISIC4_C_XDC,MAL,2009,169661,MYR,6,0,,A,Calendar Year,,Department of Statistics,
ADB:DF_NA(1.0),A,NGDPVA_ISIC4_C_XDC,MAL,2010,192493,MYR,6,0,,A,Calendar Year,,Department of Statistics,
ADB:DF_NA(1.0),A,NGDPVA_ISIC4_C_XDC,MAL,2011,212618,MYR,6,0,,A,Calendar Year,,Department of Statistics,
ADB:DF_NA(1.0),A,NGDPVA_ISIC4_C_XDC,MAL,2012,224730,MYR,6,0,,A,Calendar Year,,Department of Statistics,
ADB:DF_NA(1.0),A,NGDPVA_ISIC4_C_XDC,MAL,2013,232659,MYR,6,0,,A,Calendar Year,,Department of Statistics,
ADB:DF_NA(1.0),A,NGDPVA_ISIC4_C_XDC,MAL,2014,253087,MYR,6,0,,A,Calendar Year,,Department of Statistics,
ADB:DF_NA(1.0),A,NGDPVA_ISIC4_C_XDC,MAL,2015,262379.411,MYR,6,0,,A,Calendar Year,,Department of Statistics,
ADB:DF_NA(1.0),A,NGDPVA_ISIC4_C_XDC,MAL,2016,272395.854,MYR,6,0,,A,Calendar Year,,Department of Statistics,
ADB:DF_NA(1.0),A,NGDPVA_ISIC4_C_XDC,MAL,2017,299797.483,MYR,6,0,,A,Calendar Year,,Department of Statistics,
ADB:DF_NA(1.0),A,NGDPVA_ISIC4_C_XDC,MAL,2018,311675.695,MYR,6,0,,A,Calendar Year,,Department of Statistics,
ADB:DF_NA(1.0),A,NGDPVA_ISIC4_C_XDC,MAL,2019,323861.646,MYR,6,0,,A,Calendar Year,,Department of Statistics,
ADB:DF_NA(1.0),A,NGDPVA_ISIC4_C_XDC,MAL,2020,315360.117,MYR,6,0,,A,Calendar Year,,Department of Statistics,
ADB:DF_NA(1.0),A,NGDPVA_ISIC4_C_XDC,MAL,2021,361825.531,MYR,6,0,,A,Calendar Year,,Department of Statistics,
ADB:DF_NA(1.0),A,NGDPVA_ISIC4_C_XDC,MAL,2022,418897.899,MYR,6,0,,A,Calendar Year,,Department of Statistics,
ADB:DF_NA(1.0),A,NGDPVA_ISIC4_C_XDC,MAL,2023,419963.129,MYR,6,0,,A,Calendar Year,,Department of Statistics,
ADB:DF_NA(1.0),A,NGDPVA_ISIC4_C_XDC,MAL,2024,434851.388,MYR,6,0,,A,Calendar Year,,Department of Statistics,
ADB:DF_NA(1.0),A,NGDPVA_ISIC4_C_XDC,MAL,2025,447113.365,MYR,6,0,,A,Calendar Year,,Department of Statistics,
ADB:DF_NA(1.0),A,NGDPVA_ISIC4_C_XDC,SIN,2005,57598.5,SGD,6,1,,A,Calendar Year,,Singapore Department of Statistics,
ADB:DF_NA(1.0),A,NGDPVA_ISIC4_C_XDC,SIN,2006,62766.3,SGD,6,1,,A,Calendar Year,,Singapore Department of Statistics,
ADB:DF_NA(1.0),A,NGDPVA_ISIC4_C_XDC,SIN,2007,64963.8,SGD,6,1,,A,Calendar Year,,Singapore Department of Statistics,
ADB:DF_NA(1.0),A,NGDPVA_ISIC4_C_XDC,SIN,2008,56392.7,SGD,6,1,,A,Calendar Year,,Singapore Department of Statistics,
ADB:DF_NA(1.0),A,NGDPVA_ISIC4_C_XDC,SIN,2009,57250.9,SGD,6,1,,A,Calendar Year,,Singapore Department of Statistics,
ADB:DF_NA(1.0),A,NGDPVA_ISIC4_C_XDC,SIN,2010,67926.3,SGD,6,1,,A,Calendar Year,,Singapore Department of Statistics,
ADB:DF_NA(1.0),A,NGDPVA_ISIC4_C_XDC,SIN,2011,68806.8,SGD,6,1,,A,Calendar Year,,Singapore Department of Statistics,
ADB:DF_NA(1.0),A,NGDPVA_ISIC4_C_XDC,SIN,2012,70497.2,SGD,6,1,,A,Calendar Year,,Singapore Department of Statistics,
ADB:DF_NA(1.0),A,NGDPVA_ISIC4_C_XDC,SIN,2013,67885,SGD,6,1,,A,Calendar Year,,Singapore Department of Statistics,
ADB:DF_NA(1.0),A,NGDPVA_ISIC4_C_XDC,SIN,2014,71809.7,SGD,6,1,,A,Calendar Year,,Singapore Department of Statistics,
ADB:DF_NA(1.0),A,NGDPVA_ISIC4_C_XDC,SIN,2015,76598.2,SGD,6,1,,A,Calendar Year,,Singapore Department of Statistics,
ADB:DF_NA(1.0),A,NGDPVA_ISIC4_C_XDC,SIN,2016,76973.5,SGD,6,1,,A,Calendar Year,,Singapore Department of Statistics,
ADB:DF_NA(1.0),A,NGDPVA_ISIC4_C_XDC,SIN,2017,87981.7,SGD,6,1,,A,Calendar Year,,Singapore Department of Statistics,
ADB:DF_NA(1.0),A,NGDPVA_ISIC4_C_XDC,SIN,2018,105098.4,SGD,6,1,,A,Calendar Year,,Singapore Department of Statistics,
ADB:DF_NA(1.0),A,NGDPVA_ISIC4_C_XDC,SIN,2019,99246.7,SGD,6,1,,A,Calendar Year,,Singapore Department of Statistics,
ADB:DF_NA(1.0),A,NGDPVA_ISIC4_C_XDC,SIN,2020,95263.9,SGD,6,1,,A,Calendar Year,,Singapore Department of Statistics,
ADB:DF_NA(1.0),A,NGDPVA_ISIC4_C_XDC,SIN,2021,122149.2,SGD,6,1,,A,Calendar Year,,Singapore Department of Statistics,
ADB:DF_NA(1.0),A,NGDPVA_ISIC4_C_XDC,SIN,2022,139656.1,SGD,6,1,,A,Calendar Year,,Singapore Department of Statistics,
ADB:DF_NA(1.0),A,NGDPVA_ISIC4_C_XDC,SIN,2023,114847.6,SGD,6,1,,A,Calendar Year,,Singapore Department of Statistics,
ADB:DF_NA(1.0),A,NGDPVA_ISIC4_C_XDC,SIN,2024,124455.3,SGD,6,1,,A,Calendar Year,,Singapore Department of Statistics,
ADB:DF_NA(1.0),A,NGDPVA_ISIC4_C_XDC,SIN,2025,137611.7,SGD,6,1,,A,Calendar Year,,Singapore Department of Statistics,
ADB:DF_NA(1.0),A,NGDPVA_ISIC4_C_XDC,THA,2005,2255.014,THB,9,0,,A,Calendar Year,,National Economic and Social Development Council,
ADB:DF_NA(1.0),A,NGDPVA_ISIC4_C_XDC,THA,2006,2534.313,THB,9,0,,A,Calendar Year,,National Economic and Social Development Council,
ADB:DF_NA(1.0),A,NGDPVA_ISIC4_C_XDC,THA,2007,2776.209,THB,9,0,,A,Calendar Year,,National Economic and Social Development Council,
ADB:DF_NA(1.0),A,NGDPVA_ISIC4_C_XDC,THA,2008,2965.926,THB,9,0,,A,Calendar Year,,National Economic and Social Development Council,
ADB:DF_NA(1.0),A,NGDPVA_ISIC4_C_XDC,THA,2009,2845.65,THB,9,0,,A,Calendar Year,,National Economic and Social Development Council,
ADB:DF_NA(1.0),A,NGDPVA_ISIC4_C_XDC,THA,2010,3343.011,THB,9,0,,A,Calendar Year,,National Economic and Social Development Council,
ADB:DF_NA(1.0),A,NGDPVA_ISIC4_C_XDC,THA,2011,3278.536,THB,9,0,,A,Calendar Year,,National Economic and Social Development Council,
ADB:DF_NA(1.0),A,NGDPVA_ISIC4_C_XDC,THA,2012,3456.693,THB,9,0,,A,Calendar Year,,National Economic and Social Development Council,
ADB:DF_NA(1.0),A,NGDPVA_ISIC4_C_XDC,THA,2013,3563.122,THB,9,0,,A,Calendar Year,,National Economic and Social Development Council,
ADB:DF_NA(1.0),A,NGDPVA_ISIC4_C_XDC,THA,2014,3648.058,THB,9,0,,A,Calendar Year,,National Economic and Social Development Council,
ADB:DF_NA(1.0),A,NGDPVA_ISIC4_C_XDC,THA,2015,3762.15,THB,9,0,,A,Calendar Year,,National Economic and Social Development Council,
ADB:DF_NA(1.0),A,NGDPVA_ISIC4_C_XDC,THA,2016,3960.437,THB,9,0,,A,Calendar Year,,National Economic and Social Development Council,
ADB:DF_NA(1.0),A,NGDPVA_ISIC4_C_XDC,THA,2017,4184.233,THB,9,0,,A,Calendar Year,,National Economic and Social Development Council,
ADB:DF_NA(1.0),A,NGDPVA_ISIC4_C_XDC,THA,2018,4373.783,THB,9,0,,A,Calendar Year,,National Economic and Social Development Council,
ADB:DF_NA(1.0),A,NGDPVA_ISIC4_C_XDC,THA,2019,4327.276,THB,9,0,,A,Calendar Year,,National Economic and Social Development Council,
ADB:DF_NA(1.0),A,NGDPVA_ISIC4_C_XDC,THA,2020,4002.295,THB,9,0,,A,Calendar Year,,National Economic and Social Development Council,
ADB:DF_NA(1.0),A,NGDPVA_ISIC4_C_XDC,THA,2021,4394.933,THB,9,0,,A,Calendar Year,,National Economic and Social Development Council,
ADB:DF_NA(1.0),A,NGDPVA_ISIC4_C_XDC,THA,2022,4697.77,THB,9,0,,A,Calendar Year,,National Economic and Social Development Council,
ADB:DF_NA(1.0),A,NGDPVA_ISIC4_C_XDC,THA,2023,4495.573,THB,9,0,,P,Calendar Year,,National Economic and Social Development Council,
ADB:DF_NA(1.0),A,NGDPVA_ISIC4_C_XDC,THA,2024,4528.83,THB,9,0,,P,Calendar Year,,National Economic and Social Development Council,
ADB:DF_NA(1.0),A,NGDPVA_ISIC4_C_XDC,THA,2025,4505.043,THB,9,0,,P,Calendar Year,,National Economic and Social Development Council,
ADB:DF_NA(1.0),A,NGDPVA_ISIC4_C_XDC,VIE,2005,172045,VND,9,0,"2005-2010: For 2000–2009, the GDP data series is based on unreassessed/unreevaluated scale. Starting 2010, the GDP data are based on the reevaluated scale.",A,Calendar Year,,National Statistics Office,
ADB:DF_NA(1.0),A,NGDPVA_ISIC4_C_XDC,VIE,2006,205739,VND,9,0,"2005-2010: For 2000–2009, the GDP data series is based on unreassessed/unreevaluated scale. Starting 2010, the GDP data are based on the reevaluated scale.",A,Calendar Year,,National Statistics Office,
ADB:DF_NA(1.0),A,NGDPVA_ISIC4_C_XDC,VIE,2007,241629,VND,9,0,"2005-2010: For 2000–2009, the GDP data series is based on unreassessed/unreevaluated scale. Starting 2010, the GDP data are based on the reevaluated scale.",A,Calendar Year,,National Statistics Office,
ADB:DF_NA(1.0),A,NGDPVA_ISIC4_C_XDC,VIE,2008,300256,VND,9,0,"2005-2010: For 2000–2009, the GDP data series is based on unreassessed/unreevaluated scale. Starting 2010, the GDP data are based on the reevaluated scale.",A,Calendar Year,,National Statistics Office,
ADB:DF_NA(1.0),A,NGDPVA_ISIC4_C_XDC,VIE,2009,331093,VND,9,0,"2005-2010: For 2000–2009, the GDP data series is based on unreassessed/unreevaluated scale. Starting 2010, the GDP data are based on the reevaluated scale.",A,Calendar Year,,National Statistics Office,
ADB:DF_NA(1.0),A,NGDPVA_ISIC4_C_XDC,VIE,2010,469350.77,VND,9,0,"2005-2010: For 2000–2009, the GDP data series is based on unreassessed/unreevaluated scale. Starting 2010, the GDP data are based on the reevaluated scale.",B,Calendar Year,,National Statistics Office,
ADB:DF_NA(1.0),A,NGDPVA_ISIC4_C_XDC,VIE,2011,661750.56,VND,9,0,"2005-2010: For 2000–2009, the GDP data series is based on unreassessed/unreevaluated scale. Starting 2010, the GDP data are based on the reevaluated scale.",A,Calendar Year,,National Statistics Office,
ADB:DF_NA(1.0),A,NGDPVA_ISIC4_C_XDC,VIE,2012,825918.33,VND,9,0,"2005-2010: For 2000–2009, the GDP data series is based on unreassessed/unreevaluated scale. Starting 2010, the GDP data are based on the reevaluated scale.",A,Calendar Year,,National Statistics Office,
ADB:DF_NA(1.0),A,NGDPVA_ISIC4_C_XDC,VIE,2013,925485.43,VND,9,0,"2005-2010: For 2000–2009, the GDP data series is based on unreassessed/unreevaluated scale. Starting 2010, the GDP data are based on the reevaluated scale.",A,Calendar Year,,National Statistics Office,
ADB:DF_NA(1.0),A,NGDPVA_ISIC4_C_XDC,VIE,2014,1005734.04,VND,9,0,"2005-2010: For 2000–2009, the GDP data series is based on unreassessed/unreevaluated scale. Starting 2010, the GDP data are based on the reevaluated scale.",A,Calendar Year,,National Statistics Office,
ADB:DF_NA(1.0),A,NGDPVA_ISIC4_C_XDC,VIE,2015,1088106.21,VND,9,0,"2005-2010: For 2000–2009, the GDP data series is based on unreassessed/unreevaluated scale. Starting 2010, the GDP data are based on the reevaluated scale.",A,Calendar Year,,National Statistics Office,
ADB:DF_NA(1.0),A,NGDPVA_ISIC4_C_XDC,VIE,2016,1211808.77,VND,9,0,"2005-2010: For 2000–2009, the GDP data series is based on unreassessed/unreevaluated scale. Starting 2010, the GDP data are based on the reevaluated scale.",A,Calendar Year,,National Statistics Office,
ADB:DF_NA(1.0),A,NGDPVA_ISIC4_C_XDC,VIE,2017,1424129.59,VND,9,0,"2005-2010: For 2000–2009, the GDP data series is based on unreassessed/unreevaluated scale. Starting 2010, the GDP data are based on the reevaluated scale.",A,Calendar Year,,National Statistics Office,
ADB:DF_NA(1.0),A,NGDPVA_ISIC4_C_XDC,VIE,2018,1637814.64,VND,9,0,"2005-2010: For 2000–2009, the GDP data series is based on unreassessed/unreevaluated scale. Starting 2010, the GDP data are based on the reevaluated scale.",A,Calendar Year,,National Statistics Office,
ADB:DF_NA(1.0),A,NGDPVA_ISIC4_C_XDC,VIE,2019,1833289.88,VND,9,0,"2005-2010: For 2000–2009, the GDP data series is based on unreassessed/unreevaluated scale. Starting 2010, the GDP data are based on the reevaluated scale.",A,Calendar Year,,National Statistics Office,
ADB:DF_NA(1.0),A,NGDPVA_ISIC4_C_XDC,VIE,2020,1926408.6,VND,9,0,"2005-2010: For 2000–2009, the GDP data series is based on unreassessed/unreevaluated scale. Starting 2010, the GDP data are based on the reevaluated scale.",A,Calendar Year,,National Statistics Office,
ADB:DF_NA(1.0),A,NGDPVA_ISIC4_C_XDC,VIE,2021,2075983.29,VND,9,0,"2005-2010: For 2000–2009, the GDP data series is based on unreassessed/unreevaluated scale. Starting 2010, the GDP data are based on the reevaluated scale.",A,Calendar Year,,National Statistics Office,
ADB:DF_NA(1.0),A,NGDPVA_ISIC4_C_XDC,VIE,2022,2372282.2,VND,9,0,"2005-2010: For 2000–2009, the GDP data series is based on unreassessed/unreevaluated scale. Starting 2010, the GDP data are based on the reevaluated scale.",A,Calendar Year,,National Statistics Office,
ADB:DF_NA(1.0),A,NGDPVA_ISIC4_C_XDC,VIE,2023,2488213.4,VND,9,0,"2005-2010: For 2000–2009, the GDP data series is based on unreassessed/unreevaluated scale. Starting 2010, the GDP data are based on the reevaluated scale.",A,Calendar Year,,National Statistics Office,
ADB:DF_NA(1.0),A,NGDPVA_ISIC4_C_XDC,VIE,2024,2800817.7,VND,9,0,"2005-2010: For 2000–2009, the GDP data series is based on unreassessed/unreevaluated scale. Starting 2010, the GDP data are based on the reevaluated scale.",A,Calendar Year,,National Statistics Office,
ADB:DF_NA(1.0),A,NGDPVA_ISIC4_C_XDC,VIE,2025,3151254.319,VND,9,0,"2005-2010: For 2000–2009, the GDP data series is based on unreassessed/unreevaluated scale. Starting 2010, the GDP data are based on the reevaluated scale.",A,Calendar Year,,National Statistics Office,
ADB:DF_NA(1.0),A,NEGS_XGDP_PS,INO,2005,34.06727,PCT,0,1,"2024, 2025: For 2024, data refer to preliminary figures. For 2025, data refer to very preliminary figures.",A,Calendar Year,,BPS Statistics Indonesia,
ADB:DF_NA(1.0),A,NEGS_XGDP_PS,INO,2006,31.03472,PCT,0,1,"2024, 2025: For 2024, data refer to preliminary figures. For 2025, data refer to very preliminary figures.",A,Calendar Year,,BPS Statistics Indonesia,
ADB:DF_NA(1.0),A,NEGS_XGDP_PS,INO,2007,29.43572,PCT,0,1,"2024, 2025: For 2024, data refer to preliminary figures. For 2025, data refer to very preliminary figures.",A,Calendar Year,,BPS Statistics Indonesia,
ADB:DF_NA(1.0),A,NEGS_XGDP_PS,INO,2008,29.80828,PCT,0,1,"2024, 2025: For 2024, data refer to preliminary figures. For 2025, data refer to very preliminary figures.",A,Calendar Year,,BPS Statistics Indonesia,
ADB:DF_NA(1.0),A,NEGS_XGDP_PS,INO,2009,24.15913,PCT,0,1,"2024, 2025: For 2024, data refer to preliminary figures. For 2025, data refer to very preliminary figures.",A,Calendar Year,,BPS Statistics Indonesia,
ADB:DF_NA(1.0),A,NEGS_XGDP_PS,INO,2010,24.29903094,PCT,0,1,"2024, 2025: For 2024, data refer to preliminary figures. For 2025, data refer to very preliminary figures.",B,Calendar Year,,BPS Statistics Indonesia,System of National Accounts - 2008
ADB:DF_NA(1.0),A,NEGS_XGDP_PS,INO,2011,26.32735309,PCT,0,1,"2024, 2025: For 2024, data refer to preliminary figures. For 2025, data refer to very preliminary figures.",A,Calendar Year,,BPS Statistics Indonesia,System of National Accounts - 2008
ADB:DF_NA(1.0),A,NEGS_XGDP_PS,INO,2012,24.59437879,PCT,0,1,"2024, 2025: For 2024, data refer to preliminary figures. For 2025, data refer to very preliminary figures.",A,Calendar Year,,BPS Statistics Indonesia,System of National Accounts - 2008
ADB:DF_NA(1.0),A,NEGS_XGDP_PS,INO,2013,23.92357638,PCT,0,1,"2024, 2025: For 2024, data refer to preliminary figures. For 2025, data refer to very preliminary figures.",A,Calendar Year,,BPS Statistics Indonesia,System of National Accounts - 2008
ADB:DF_NA(1.0),A,NEGS_XGDP_PS,INO,2014,23.66598459,PCT,0,1,"2024, 2025: For 2024, data refer to preliminary figures. For 2025, data refer to very preliminary figures.",A,Calendar Year,,BPS Statistics Indonesia,System of National Accounts - 2008
ADB:DF_NA(1.0),A,NEGS_XGDP_PS,INO,2015,21.16017926,PCT,0,1,"2024, 2025: For 2024, data refer to preliminary figures. For 2025, data refer to very preliminary figures.",A,Calendar Year,,BPS Statistics Indonesia,System of National Accounts - 2008
ADB:DF_NA(1.0),A,NEGS_XGDP_PS,INO,2016,19.08899385,PCT,0,1,"2024, 2025: For 2024, data refer to preliminary figures. For 2025, data refer to very preliminary figures.",A,Calendar Year,,BPS Statistics Indonesia,System of National Accounts - 2008
ADB:DF_NA(1.0),A,NEGS_XGDP_PS,INO,2017,20.17730444,PCT,0,1,"2024, 2025: For 2024, data refer to preliminary figures. For 2025, data refer to very preliminary figures.",A,Calendar Year,,BPS Statistics Indonesia,System of National Accounts - 2008
ADB:DF_NA(1.0),A,NEGS_XGDP_PS,INO,2018,21.0027465,PCT,0,1,"2024, 2025: For 2024, data refer to preliminary figures. For 2025, data refer to very preliminary figures.",A,Calendar Year,,BPS Statistics Indonesia,System of National Accounts - 2008
ADB:DF_NA(1.0),A,NEGS_XGDP_PS,INO,2019,18.59152779,PCT,0,1,"2024, 2025: For 2024, data refer to preliminary figures. For 2025, data refer to very preliminary figures.",A,Calendar Year,,BPS Statistics Indonesia,System of National Accounts - 2008
ADB:DF_NA(1.0),A,NEGS_XGDP_PS,INO,2020,17.33116829,PCT,0,1,"2024, 2025: For 2024, data refer to preliminary figures. For 2025, data refer to very preliminary figures.",A,Calendar Year,,BPS Statistics Indonesia,System of National Accounts - 2008
ADB:DF_NA(1.0),A,NEGS_XGDP_PS,INO,2021,21.41655564,PCT,0,1,"2024, 2025: For 2024, data refer to preliminary figures. For 2025, data refer to very preliminary figures.",A,Calendar Year,,BPS Statistics Indonesia,System of National Accounts - 2008
ADB:DF_NA(1.0),A,NEGS_XGDP_PS,INO,2022,24.50291169,PCT,0,1,"2024, 2025: For 2024, data refer to preliminary figures. For 2025, data refer to very preliminary figures.",A,Calendar Year,,BPS Statistics Indonesia,System of National Accounts - 2008
ADB:DF_NA(1.0),A,NEGS_XGDP_PS,INO,2023,21.80856324,PCT,0,1,"2024, 2025: For 2024, data refer to preliminary figures. For 2025, data refer to very preliminary figures.",A,Calendar Year,,BPS Statistics Indonesia,System of National Accounts - 2008
ADB:DF_NA(1.0),A,NEGS_XGDP_PS,INO,2024,22.30964878,PCT,0,1,"2024, 2025: For 2024, data refer to preliminary figures. For 2025, data refer to very preliminary figures.",P,Calendar Year,,BPS Statistics Indonesia,System of National Accounts - 2008
ADB:DF_NA(1.0),A,NEGS_XGDP_PS,INO,2025,22.8465483,PCT,0,1,"2024, 2025: For 2024, data refer to preliminary figures. For 2025, data refer to very preliminary figures.",P,Calendar Year,,BPS Statistics Indonesia,System of National Accounts - 2008
ADB:DF_NA(1.0),A,NEGS_XGDP_PS,MAL,2005,112.89898,PCT,0,1,,A,Calendar Year,,Department of Statistics,
ADB:DF_NA(1.0),A,NEGS_XGDP_PS,MAL,2006,112.18548,PCT,0,1,,A,Calendar Year,,Department of Statistics,
ADB:DF_NA(1.0),A,NEGS_XGDP_PS,MAL,2007,106.16858,PCT,0,1,,A,Calendar Year,,Department of Statistics,
ADB:DF_NA(1.0),A,NEGS_XGDP_PS,MAL,2008,99.49958,PCT,0,1,,A,Calendar Year,,Department of Statistics,
ADB:DF_NA(1.0),A,NEGS_XGDP_PS,MAL,2009,91.41679,PCT,0,1,,A,Calendar Year,,Department of Statistics,
ADB:DF_NA(1.0),A,NEGS_XGDP_PS,MAL,2010,86.93,PCT,0,1,,A,Calendar Year,,Department of Statistics,
ADB:DF_NA(1.0),A,NEGS_XGDP_PS,MAL,2011,85.255442,PCT,0,1,,A,Calendar Year,,Department of Statistics,
ADB:DF_NA(1.0),A,NEGS_XGDP_PS,MAL,2012,79.299914,PCT,0,1,,A,Calendar Year,,Department of Statistics,
ADB:DF_NA(1.0),A,NEGS_XGDP_PS,MAL,2013,75.62904,PCT,0,1,,A,Calendar Year,,Department of Statistics,
ADB:DF_NA(1.0),A,NEGS_XGDP_PS,MAL,2014,73.7935,PCT,0,1,,A,Calendar Year,,Department of Statistics,
ADB:DF_NA(1.0),A,NEGS_XGDP_PS,MAL,2015,69.44869,PCT,0,1,,A,Calendar Year,,Department of Statistics,
ADB:DF_NA(1.0),A,NEGS_XGDP_PS,MAL,2016,66.77545,PCT,0,1,,A,Calendar Year,,Department of Statistics,
ADB:DF_NA(1.0),A,NEGS_XGDP_PS,MAL,2017,70.01174,PCT,0,1,,A,Calendar Year,,Department of Statistics,
ADB:DF_NA(1.0),A,NEGS_XGDP_PS,MAL,2018,68.55497,PCT,0,1,,A,Calendar Year,,Department of Statistics,
ADB:DF_NA(1.0),A,NEGS_XGDP_PS,MAL,2019,65.27777,PCT,0,1,,A,Calendar Year,,Department of Statistics,
ADB:DF_NA(1.0),A,NEGS_XGDP_PS,MAL,2020,61.578,PCT,0,1,,A,Calendar Year,,Department of Statistics,
ADB:DF_NA(1.0),A,NEGS_XGDP_PS,MAL,2021,70.633,PCT,0,1,,A,Calendar Year,,Department of Statistics,
ADB:DF_NA(1.0),A,NEGS_XGDP_PS,MAL,2022,76.808,PCT,0,1,,A,Calendar Year,,Department of Statistics,
ADB:DF_NA(1.0),A,NEGS_XGDP_PS,MAL,2023,68.63,PCT,0,1,,A,Calendar Year,,Department of Statistics,
ADB:DF_NA(1.0),A,NEGS_XGDP_PS,MAL,2024,71.459,PCT,0,1,,A,Calendar Year,,Department of Statistics,
ADB:DF_NA(1.0),A,NEGS_XGDP_PS,MAL,2025,72.223,PCT,0,1,,A,Calendar Year,,Department of Statistics,
ADB:DF_NA(1.0),A,NEGS_XGDP_PS,SIN,2005,225.2,PCT,0,1,,A,Calendar Year,,Singapore Department of Statistics,
ADB:DF_NA(1.0),A,NEGS_XGDP_PS,SIN,2006,228.0,PCT,0,1,,A,Calendar Year,,Singapore Department of Statistics,
ADB:DF_NA(1.0),A,NEGS_XGDP_PS,SIN,2007,212.8,PCT,0,1,,A,Calendar Year,,Singapore Department of Statistics,
ADB:DF_NA(1.0),A,NEGS_XGDP_PS,SIN,2008,229.0,PCT,0,1,,A,Calendar Year,,Singapore Department of Statistics,
ADB:DF_NA(1.0),A,NEGS_XGDP_PS,SIN,2009,190.8,PCT,0,1,,A,Calendar Year,,Singapore Department of Statistics,
ADB:DF_NA(1.0),A,NEGS_XGDP_PS,SIN,2010,198.0,PCT,0,1,,A,Calendar Year,,Singapore Department of Statistics,
ADB:DF_NA(1.0),A,NEGS_XGDP_PS,SIN,2011,203.3,PCT,0,1,,A,Calendar Year,,Singapore Department of Statistics,
ADB:DF_NA(1.0),A,NEGS_XGDP_PS,SIN,2012,196.7,PCT,0,1,,A,Calendar Year,,Singapore Department of Statistics,
ADB:DF_NA(1.0),A,NEGS_XGDP_PS,SIN,2013,195.1,PCT,0,1,,A,Calendar Year,,Singapore Department of Statistics,
ADB:DF_NA(1.0),A,NEGS_XGDP_PS,SIN,2014,192.0,PCT,0,1,,A,Calendar Year,,Singapore Department of Statistics,
ADB:DF_NA(1.0),A,NEGS_XGDP_PS,SIN,2015,178.4,PCT,0,1,,A,Calendar Year,,Singapore Department of Statistics,
ADB:DF_NA(1.0),A,NEGS_XGDP_PS,SIN,2016,163.8,PCT,0,1,,A,Calendar Year,,Singapore Department of Statistics,
ADB:DF_NA(1.0),A,NEGS_XGDP_PS,SIN,2017,171.0,PCT,0,1,,A,Calendar Year,,Singapore Department of Statistics,
ADB:DF_NA(1.0),A,NEGS_XGDP_PS,SIN,2018,177.7,PCT,0,1,,A,Calendar Year,,Singapore Department of Statistics,
ADB:DF_NA(1.0),A,NEGS_XGDP_PS,SIN,2019,176.8,PCT,0,1,,A,Calendar Year,,Singapore Department of Statistics,
ADB:DF_NA(1.0),A,NEGS_XGDP_PS,SIN,2020,181.2,PCT,0,1,,A,Calendar Year,,Singapore Department of Statistics,
ADB:DF_NA(1.0),A,NEGS_XGDP_PS,SIN,2021,181.2,PCT,0,1,,A,Calendar Year,,Singapore Department of Statistics,
ADB:DF_NA(1.0),A,NEGS_XGDP_PS,SIN,2022,185.0,PCT,0,1,,A,Calendar Year,,Singapore Department of Statistics,
ADB:DF_NA(1.0),A,NEGS_XGDP_PS,SIN,2023,180.4,PCT,0,1,,A,Calendar Year,,Singapore Department of Statistics,
ADB:DF_NA(1.0),A,NEGS_XGDP_PS,SIN,2024,174.7,PCT,0,1,,A,Calendar Year,,Singapore Department of Statistics,
ADB:DF_NA(1.0),A,NEGS_XGDP_PS,SIN,2025,177.9,PCT,0,1,,A,Calendar Year,,Singapore Department of Statistics,
ADB:DF_NA(1.0),A,NEGS_XGDP_PS,THA,2005,69.2,PCT,0,1,,A,Calendar Year,,National Economic and Social Development Council,
ADB:DF_NA(1.0),A,NEGS_XGDP_PS,THA,2006,69.9,PCT,0,1,,A,Calendar Year,,National Economic and Social Development Council,
ADB:DF_NA(1.0),A,NEGS_XGDP_PS,THA,2007,69,PCT,0,1,,A,Calendar Year,,National Economic and Social Development Council,
ADB:DF_NA(1.0),A,NEGS_XGDP_PS,THA,2008,72.4,PCT,0,1,,A,Calendar Year,,National Economic and Social Development Council,
ADB:DF_NA(1.0),A,NEGS_XGDP_PS,THA,2009,64.9,PCT,0,1,,A,Calendar Year,,National Economic and Social Development Council,
ADB:DF_NA(1.0),A,NEGS_XGDP_PS,THA,2010,67.1,PCT,0,1,,A,Calendar Year,,National Economic and Social Development Council,
ADB:DF_NA(1.0),A,NEGS_XGDP_PS,THA,2011,72.4,PCT,0,1,,A,Calendar Year,,National Economic and Social Development Council,
ADB:DF_NA(1.0),A,NEGS_XGDP_PS,THA,2012,70.4,PCT,0,1,,A,Calendar Year,,National Economic and Social Development Council,
ADB:DF_NA(1.0),A,NEGS_XGDP_PS,THA,2013,68.4,PCT,0,1,,A,Calendar Year,,National Economic and Social Development Council,
ADB:DF_NA(1.0),A,NEGS_XGDP_PS,THA,2014,68.9,PCT,0,1,,A,Calendar Year,,National Economic and Social Development Council,
ADB:DF_NA(1.0),A,NEGS_XGDP_PS,THA,2015,66.8,PCT,0,1,,A,Calendar Year,,National Economic and Social Development Council,
ADB:DF_NA(1.0),A,NEGS_XGDP_PS,THA,2016,66,PCT,0,1,,A,Calendar Year,,National Economic and Social Development Council,
ADB:DF_NA(1.0),A,NEGS_XGDP_PS,THA,2017,66.3,PCT,0,1,,A,Calendar Year,,National Economic and Social Development Council,
ADB:DF_NA(1.0),A,NEGS_XGDP_PS,THA,2018,65.41609196,PCT,0,1,,A,Calendar Year,,National Economic and Social Development Council,
ADB:DF_NA(1.0),A,NEGS_XGDP_PS,THA,2019,59.51889062,PCT,0,1,,A,Calendar Year,,National Economic and Social Development Council,
ADB:DF_NA(1.0),A,NEGS_XGDP_PS,THA,2020,51.33881897,PCT,0,1,,A,Calendar Year,,National Economic and Social Development Council,
ADB:DF_NA(1.0),A,NEGS_XGDP_PS,THA,2021,58.42111244,PCT,0,1,,A,Calendar Year,,National Economic and Social Development Council,
ADB:DF_NA(1.0),A,NEGS_XGDP_PS,THA,2022,65.333832,PCT,0,1,,A,Calendar Year,,National Economic and Social Development Council,
ADB:DF_NA(1.0),A,NEGS_XGDP_PS,THA,2023,65.51358827,PCT,0,1,,P,Calendar Year,,National Economic and Social Development Council,
ADB:DF_NA(1.0),A,NEGS_XGDP_PS,THA,2024,69.67262917,PCT,0,1,,P,Calendar Year,,National Economic and Social Development Council,
ADB:DF_NA(1.0),A,NEGS_XGDP_PS,THA,2025,71.14809761,PCT,0,1,,P,Calendar Year,,National Economic and Social Development Council,
ADB:DF_NA(1.0),A,NEGS_XGDP_PS,VIE,2005,63.69952,PCT,0,1,"2005-2010: For 2000–2009, the GDP data series is based on unreassessed/unreevaluated scale. Starting 2010, the GDP data are based on the reevaluated scale.",A,Calendar Year,,National Statistics Office,
ADB:DF_NA(1.0),A,NEGS_XGDP_PS,VIE,2006,67.8176,PCT,0,1,"2005-2010: For 2000–2009, the GDP data series is based on unreassessed/unreevaluated scale. Starting 2010, the GDP data are based on the reevaluated scale.",A,Calendar Year,,National Statistics Office,
ADB:DF_NA(1.0),A,NEGS_XGDP_PS,VIE,2007,71.09533,PCT,0,1,"2005-2010: For 2000–2009, the GDP data series is based on unreassessed/unreevaluated scale. Starting 2010, the GDP data are based on the reevaluated scale.",A,Calendar Year,,National Statistics Office,
ADB:DF_NA(1.0),A,NEGS_XGDP_PS,VIE,2008,71.51323,PCT,0,1,"2005-2010: For 2000–2009, the GDP data series is based on unreassessed/unreevaluated scale. Starting 2010, the GDP data are based on the reevaluated scale.",A,Calendar Year,,National Statistics Office,
ADB:DF_NA(1.0),A,NEGS_XGDP_PS,VIE,2009,62.97178745,PCT,0,1,"2005-2010: For 2000–2009, the GDP data series is based on unreassessed/unreevaluated scale. Starting 2010, the GDP data are based on the reevaluated scale.",A,Calendar Year,,National Statistics Office,
ADB:DF_NA(1.0),A,NEGS_XGDP_PS,VIE,2010,54.1758454,PCT,0,1,"2005-2010: For 2000–2009, the GDP data series is based on unreassessed/unreevaluated scale. Starting 2010, the GDP data are based on the reevaluated scale.",B,Calendar Year,,National Statistics Office,
ADB:DF_NA(1.0),A,NEGS_XGDP_PS,VIE,2011,61.18015578,PCT,0,1,"2005-2010: For 2000–2009, the GDP data series is based on unreassessed/unreevaluated scale. Starting 2010, the GDP data are based on the reevaluated scale.",A,Calendar Year,,National Statistics Office,
ADB:DF_NA(1.0),A,NEGS_XGDP_PS,VIE,2012,63.47392449,PCT,0,1,"2005-2010: For 2000–2009, the GDP data series is based on unreassessed/unreevaluated scale. Starting 2010, the GDP data are based on the reevaluated scale.",A,Calendar Year,,National Statistics Office,
ADB:DF_NA(1.0),A,NEGS_XGDP_PS,VIE,2013,66.80044615,PCT,0,1,"2005-2010: For 2000–2009, the GDP data series is based on unreassessed/unreevaluated scale. Starting 2010, the GDP data are based on the reevaluated scale.",A,Calendar Year,,National Statistics Office,
ADB:DF_NA(1.0),A,NEGS_XGDP_PS,VIE,2014,69.59857507,PCT,0,1,"2005-2010: For 2000–2009, the GDP data series is based on unreassessed/unreevaluated scale. Starting 2010, the GDP data are based on the reevaluated scale.",A,Calendar Year,,National Statistics Office,
ADB:DF_NA(1.0),A,NEGS_XGDP_PS,VIE,2015,72.92285161,PCT,0,1,"2005-2010: For 2000–2009, the GDP data series is based on unreassessed/unreevaluated scale. Starting 2010, the GDP data are based on the reevaluated scale.",A,Calendar Year,,National Statistics Office,
ADB:DF_NA(1.0),A,NEGS_XGDP_PS,VIE,2016,74.10728551,PCT,0,1,"2005-2010: For 2000–2009, the GDP data series is based on unreassessed/unreevaluated scale. Starting 2010, the GDP data are based on the reevaluated scale.",A,Calendar Year,,National Statistics Office,
ADB:DF_NA(1.0),A,NEGS_XGDP_PS,VIE,2017,81.76252212,PCT,0,1,"2005-2010: For 2000–2009, the GDP data series is based on unreassessed/unreevaluated scale. Starting 2010, the GDP data are based on the reevaluated scale.",A,Calendar Year,,National Statistics Office,
ADB:DF_NA(1.0),A,NEGS_XGDP_PS,VIE,2018,84.42345602,PCT,0,1,"2005-2010: For 2000–2009, the GDP data series is based on unreassessed/unreevaluated scale. Starting 2010, the GDP data are based on the reevaluated scale.",A,Calendar Year,,National Statistics Office,
ADB:DF_NA(1.0),A,NEGS_XGDP_PS,VIE,2019,85.1575871,PCT,0,1,"2005-2010: For 2000–2009, the GDP data series is based on unreassessed/unreevaluated scale. Starting 2010, the GDP data are based on the reevaluated scale.",A,Calendar Year,,National Statistics Office,
ADB:DF_NA(1.0),A,NEGS_XGDP_PS,VIE,2020,84.38159765,PCT,0,1,"2005-2010: For 2000–2009, the GDP data series is based on unreassessed/unreevaluated scale. Starting 2010, the GDP data are based on the reevaluated scale.",A,Calendar Year,,National Statistics Office,
ADB:DF_NA(1.0),A,NEGS_XGDP_PS,VIE,2021,93.85,PCT,0,1,"2005-2010: For 2000–2009, the GDP data series is based on unreassessed/unreevaluated scale. Starting 2010, the GDP data are based on the reevaluated scale.",A,Calendar Year,,National Statistics Office,
ADB:DF_NA(1.0),A,NEGS_XGDP_PS,VIE,2022,93.42012924,PCT,0,1,"2005-2010: For 2000–2009, the GDP data series is based on unreassessed/unreevaluated scale. Starting 2010, the GDP data are based on the reevaluated scale.",A,Calendar Year,,National Statistics Office,
ADB:DF_NA(1.0),A,NEGS_XGDP_PS,VIE,2023,86.73666355,PCT,0,1,"2005-2010: For 2000–2009, the GDP data series is based on unreassessed/unreevaluated scale. Starting 2010, the GDP data are based on the reevaluated scale.",A,Calendar Year,,National Statistics Office,
ADB:DF_NA(1.0),A,NEGS_XGDP_PS,VIE,2024,90.59622006,PCT,0,1,"2005-2010: For 2000–2009, the GDP data series is based on unreassessed/unreevaluated scale. Starting 2010, the GDP data are based on the reevaluated scale.",A,Calendar Year,,National Statistics Office,
ADB:DF_NA(1.0),A,NEGS_XGDP_PS,VIE,2025,98.24440786,PCT,0,1,"2005-2010: For 2000–2009, the GDP data series is based on unreassessed/unreevaluated scale. Starting 2010, the GDP data are based on the reevaluated scale.",A,Calendar Year,,National Statistics Office,
ADB:DF_NA(1.0),A,NIGS_XGDP_PS,INO,2005,29.92067,PCT,0,1,"2024, 2025: For 2024, data refer to preliminary figures. For 2025, data refer to very preliminary figures.",A,Calendar Year,,BPS Statistics Indonesia,
ADB:DF_NA(1.0),A,NIGS_XGDP_PS,INO,2006,25.62241,PCT,0,1,"2024, 2025: For 2024, data refer to preliminary figures. For 2025, data refer to very preliminary figures.",A,Calendar Year,,BPS Statistics Indonesia,
ADB:DF_NA(1.0),A,NIGS_XGDP_PS,INO,2007,25.39353,PCT,0,1,"2024, 2025: For 2024, data refer to preliminary figures. For 2025, data refer to very preliminary figures.",A,Calendar Year,,BPS Statistics Indonesia,
ADB:DF_NA(1.0),A,NIGS_XGDP_PS,INO,2008,28.75312,PCT,0,1,"2024, 2025: For 2024, data refer to preliminary figures. For 2025, data refer to very preliminary figures.",A,Calendar Year,,BPS Statistics Indonesia,
ADB:DF_NA(1.0),A,NIGS_XGDP_PS,INO,2009,21.35301,PCT,0,1,"2024, 2025: For 2024, data refer to preliminary figures. For 2025, data refer to very preliminary figures.",A,Calendar Year,,BPS Statistics Indonesia,
ADB:DF_NA(1.0),A,NIGS_XGDP_PS,INO,2010,22.40224294,PCT,0,1,"2024, 2025: For 2024, data refer to preliminary figures. For 2025, data refer to very preliminary figures.",B,Calendar Year,,BPS Statistics Indonesia,System of National Accounts - 2008
ADB:DF_NA(1.0),A,NIGS_XGDP_PS,INO,2011,23.85266009,PCT,0,1,"2024, 2025: For 2024, data refer to preliminary figures. For 2025, data refer to very preliminary figures.",A,Calendar Year,,BPS Statistics Indonesia,System of National Accounts - 2008
ADB:DF_NA(1.0),A,NIGS_XGDP_PS,INO,2012,24.98851951,PCT,0,1,"2024, 2025: For 2024, data refer to preliminary figures. For 2025, data refer to very preliminary figures.",A,Calendar Year,,BPS Statistics Indonesia,System of National Accounts - 2008
ADB:DF_NA(1.0),A,NIGS_XGDP_PS,INO,2013,24.7137963,PCT,0,1,"2024, 2025: For 2024, data refer to preliminary figures. For 2025, data refer to very preliminary figures.",A,Calendar Year,,BPS Statistics Indonesia,System of National Accounts - 2008
ADB:DF_NA(1.0),A,NIGS_XGDP_PS,INO,2014,24.41419099,PCT,0,1,"2024, 2025: For 2024, data refer to preliminary figures. For 2025, data refer to very preliminary figures.",A,Calendar Year,,BPS Statistics Indonesia,System of National Accounts - 2008
ADB:DF_NA(1.0),A,NIGS_XGDP_PS,INO,2015,20.77746098,PCT,0,1,"2024, 2025: For 2024, data refer to preliminary figures. For 2025, data refer to very preliminary figures.",A,Calendar Year,,BPS Statistics Indonesia,System of National Accounts - 2008
ADB:DF_NA(1.0),A,NIGS_XGDP_PS,INO,2016,18.33234795,PCT,0,1,"2024, 2025: For 2024, data refer to preliminary figures. For 2025, data refer to very preliminary figures.",A,Calendar Year,,BPS Statistics Indonesia,System of National Accounts - 2008
ADB:DF_NA(1.0),A,NIGS_XGDP_PS,INO,2017,19.17819264,PCT,0,1,"2024, 2025: For 2024, data refer to preliminary figures. For 2025, data refer to very preliminary figures.",A,Calendar Year,,BPS Statistics Indonesia,System of National Accounts - 2008
ADB:DF_NA(1.0),A,NIGS_XGDP_PS,INO,2018,22.07156246,PCT,0,1,"2024, 2025: For 2024, data refer to preliminary figures. For 2025, data refer to very preliminary figures.",A,Calendar Year,,BPS Statistics Indonesia,System of National Accounts - 2008
ADB:DF_NA(1.0),A,NIGS_XGDP_PS,INO,2019,19.03624974,PCT,0,1,"2024, 2025: For 2024, data refer to preliminary figures. For 2025, data refer to very preliminary figures.",A,Calendar Year,,BPS Statistics Indonesia,System of National Accounts - 2008
ADB:DF_NA(1.0),A,NIGS_XGDP_PS,INO,2020,15.64100712,PCT,0,1,"2024, 2025: For 2024, data refer to preliminary figures. For 2025, data refer to very preliminary figures.",A,Calendar Year,,BPS Statistics Indonesia,System of National Accounts - 2008
ADB:DF_NA(1.0),A,NIGS_XGDP_PS,INO,2021,18.78820264,PCT,0,1,"2024, 2025: For 2024, data refer to preliminary figures. For 2025, data refer to very preliminary figures.",A,Calendar Year,,BPS Statistics Indonesia,System of National Accounts - 2008
ADB:DF_NA(1.0),A,NIGS_XGDP_PS,INO,2022,20.96175851,PCT,0,1,"2024, 2025: For 2024, data refer to preliminary figures. For 2025, data refer to very preliminary figures.",A,Calendar Year,,BPS Statistics Indonesia,System of National Accounts - 2008
ADB:DF_NA(1.0),A,NIGS_XGDP_PS,INO,2023,19.6519133,PCT,0,1,"2024, 2025: For 2024, data refer to preliminary figures. For 2025, data refer to very preliminary figures.",A,Calendar Year,,BPS Statistics Indonesia,System of National Accounts - 2008
ADB:DF_NA(1.0),A,NIGS_XGDP_PS,INO,2024,20.50028911,PCT,0,1,"2024, 2025: For 2024, data refer to preliminary figures. For 2025, data refer to very preliminary figures.",P,Calendar Year,,BPS Statistics Indonesia,System of National Accounts - 2008
ADB:DF_NA(1.0),A,NIGS_XGDP_PS,INO,2025,20.54465877,PCT,0,1,"2024, 2025: For 2024, data refer to preliminary figures. For 2025, data refer to very preliminary figures.",P,Calendar Year,,BPS Statistics Indonesia,System of National Accounts - 2008
ADB:DF_NA(1.0),A,NIGS_XGDP_PS,MAL,2005,90.95548,PCT,0,1,,A,Calendar Year,,Department of Statistics,
ADB:DF_NA(1.0),A,NIGS_XGDP_PS,MAL,2006,90.39167,PCT,0,1,,A,Calendar Year,,Department of Statistics,
ADB:DF_NA(1.0),A,NIGS_XGDP_PS,MAL,2007,86.29753,PCT,0,1,,A,Calendar Year,,Department of Statistics,
ADB:DF_NA(1.0),A,NIGS_XGDP_PS,MAL,2008,77.16875,PCT,0,1,,A,Calendar Year,,Department of Statistics,
ADB:DF_NA(1.0),A,NIGS_XGDP_PS,MAL,2009,71.14218,PCT,0,1,,A,Calendar Year,,Department of Statistics,
ADB:DF_NA(1.0),A,NIGS_XGDP_PS,MAL,2010,71.01,PCT,0,1,,A,Calendar Year,,Department of Statistics,
ADB:DF_NA(1.0),A,NIGS_XGDP_PS,MAL,2011,69.68,PCT,0,1,,A,Calendar Year,,Department of Statistics,
ADB:DF_NA(1.0),A,NIGS_XGDP_PS,MAL,2012,68.54,PCT,0,1,,A,Calendar Year,,Department of Statistics,
ADB:DF_NA(1.0),A,NIGS_XGDP_PS,MAL,2013,67.09195,PCT,0,1,,A,Calendar Year,,Department of Statistics,
ADB:DF_NA(1.0),A,NIGS_XGDP_PS,MAL,2014,64.51873,PCT,0,1,,A,Calendar Year,,Department of Statistics,
ADB:DF_NA(1.0),A,NIGS_XGDP_PS,MAL,2015,61.92138,PCT,0,1,,A,Calendar Year,,Department of Statistics,
ADB:DF_NA(1.0),A,NIGS_XGDP_PS,MAL,2016,60.12356,PCT,0,1,,A,Calendar Year,,Department of Statistics,
ADB:DF_NA(1.0),A,NIGS_XGDP_PS,MAL,2017,63.14343,PCT,0,1,,A,Calendar Year,,Department of Statistics,
ADB:DF_NA(1.0),A,NIGS_XGDP_PS,MAL,2018,61.84765,PCT,0,1,,A,Calendar Year,,Department of Statistics,
ADB:DF_NA(1.0),A,NIGS_XGDP_PS,MAL,2019,57.7508,PCT,0,1,,A,Calendar Year,,Department of Statistics,
ADB:DF_NA(1.0),A,NIGS_XGDP_PS,MAL,2020,55.21,PCT,0,1,,A,Calendar Year,,Department of Statistics,
ADB:DF_NA(1.0),A,NIGS_XGDP_PS,MAL,2021,63.403,PCT,0,1,,A,Calendar Year,,Department of Statistics,
ADB:DF_NA(1.0),A,NIGS_XGDP_PS,MAL,2022,69.617,PCT,0,1,,A,Calendar Year,,Department of Statistics,
ADB:DF_NA(1.0),A,NIGS_XGDP_PS,MAL,2023,63.869,PCT,0,1,,A,Calendar Year,,Department of Statistics,
ADB:DF_NA(1.0),A,NIGS_XGDP_PS,MAL,2024,66.292,PCT,0,1,,A,Calendar Year,,Department of Statistics,
ADB:DF_NA(1.0),A,NIGS_XGDP_PS,MAL,2025,66.757,PCT,0,1,,A,Calendar Year,,Department of Statistics,
ADB:DF_NA(1.0),A,NIGS_XGDP_PS,SIN,2005,195.3,PCT,0,1,,A,Calendar Year,,Singapore Department of Statistics,
ADB:DF_NA(1.0),A,NIGS_XGDP_PS,SIN,2006,197.3,PCT,0,1,,A,Calendar Year,,Singapore Department of Statistics,
ADB:DF_NA(1.0),A,NIGS_XGDP_PS,SIN,2007,181.5,PCT,0,1,,A,Calendar Year,,Singapore Department of Statistics,
ADB:DF_NA(1.0),A,NIGS_XGDP_PS,SIN,2008,208.3,PCT,0,1,,A,Calendar Year,,Singapore Department of Statistics,
ADB:DF_NA(1.0),A,NIGS_XGDP_PS,SIN,2009,167.3,PCT,0,1,,A,Calendar Year,,Singapore Department of Statistics,
ADB:DF_NA(1.0),A,NIGS_XGDP_PS,SIN,2010,171.7,PCT,0,1,,A,Calendar Year,,Singapore Department of Statistics,
ADB:DF_NA(1.0),A,NIGS_XGDP_PS,SIN,2011,175.8,PCT,0,1,,A,Calendar Year,,Singapore Department of Statistics,
ADB:DF_NA(1.0),A,NIGS_XGDP_PS,SIN,2012,172.5,PCT,0,1,,A,Calendar Year,,Singapore Department of Statistics,
ADB:DF_NA(1.0),A,NIGS_XGDP_PS,SIN,2013,172.0,PCT,0,1,,A,Calendar Year,,Singapore Department of Statistics,
ADB:DF_NA(1.0),A,NIGS_XGDP_PS,SIN,2014,168.5,PCT,0,1,,A,Calendar Year,,Singapore Department of Statistics,
ADB:DF_NA(1.0),A,NIGS_XGDP_PS,SIN,2015,151.1,PCT,0,1,,A,Calendar Year,,Singapore Department of Statistics,
ADB:DF_NA(1.0),A,NIGS_XGDP_PS,SIN,2016,137.5,PCT,0,1,,A,Calendar Year,,Singapore Department of Statistics,
ADB:DF_NA(1.0),A,NIGS_XGDP_PS,SIN,2017,144.4,PCT,0,1,,A,Calendar Year,,Singapore Department of Statistics,
ADB:DF_NA(1.0),A,NIGS_XGDP_PS,SIN,2018,148.0,PCT,0,1,,A,Calendar Year,,Singapore Department of Statistics,
ADB:DF_NA(1.0),A,NIGS_XGDP_PS,SIN,2019,147.5,PCT,0,1,,A,Calendar Year,,Singapore Department of Statistics,
ADB:DF_NA(1.0),A,NIGS_XGDP_PS,SIN,2020,149.9,PCT,0,1,,A,Calendar Year,,Singapore Department of Statistics,
ADB:DF_NA(1.0),A,NIGS_XGDP_PS,SIN,2021,145.4,PCT,0,1,,A,Calendar Year,,Singapore Department of Statistics,
ADB:DF_NA(1.0),A,NIGS_XGDP_PS,SIN,2022,145.2,PCT,0,1,,A,Calendar Year,,Singapore Department of Statistics,
ADB:DF_NA(1.0),A,NIGS_XGDP_PS,SIN,2023,143.3,PCT,0,1,,A,Calendar Year,,Singapore Department of Statistics,
ADB:DF_NA(1.0),A,NIGS_XGDP_PS,SIN,2024,138.6,PCT,0,1,,A,Calendar Year,,Singapore Department of Statistics,
ADB:DF_NA(1.0),A,NIGS_XGDP_PS,SIN,2025,142.5,PCT,0,1,,A,Calendar Year,,Singapore Department of Statistics,
ADB:DF_NA(1.0),A,NIGS_XGDP_PS,THA,2005,70.2,PCT,0,1,,A,Calendar Year,,National Economic and Social Development Council,
ADB:DF_NA(1.0),A,NIGS_XGDP_PS,THA,2006,66.6,PCT,0,1,,A,Calendar Year,,National Economic and Social Development Council,
ADB:DF_NA(1.0),A,NIGS_XGDP_PS,THA,2007,61.1,PCT,0,1,,A,Calendar Year,,National Economic and Social Development Council,
ADB:DF_NA(1.0),A,NIGS_XGDP_PS,THA,2008,70,PCT,0,1,,A,Calendar Year,,National Economic and Social Development Council,
ADB:DF_NA(1.0),A,NIGS_XGDP_PS,THA,2009,55.2,PCT,0,1,,A,Calendar Year,,National Economic and Social Development Council,
ADB:DF_NA(1.0),A,NIGS_XGDP_PS,THA,2010,61.3,PCT,0,1,,A,Calendar Year,,National Economic and Social Development Council,
ADB:DF_NA(1.0),A,NIGS_XGDP_PS,THA,2011,70.3,PCT,0,1,,A,Calendar Year,,National Economic and Social Development Council,
ADB:DF_NA(1.0),A,NIGS_XGDP_PS,THA,2012,70.2,PCT,0,1,,A,Calendar Year,,National Economic and Social Development Council,
ADB:DF_NA(1.0),A,NIGS_XGDP_PS,THA,2013,66.5,PCT,0,1,,A,Calendar Year,,National Economic and Social Development Council,
ADB:DF_NA(1.0),A,NIGS_XGDP_PS,THA,2014,62.9,PCT,0,1,,A,Calendar Year,,National Economic and Social Development Council,
ADB:DF_NA(1.0),A,NIGS_XGDP_PS,THA,2015,56.5,PCT,0,1,,A,Calendar Year,,National Economic and Social Development Council,
ADB:DF_NA(1.0),A,NIGS_XGDP_PS,THA,2016,52.7,PCT,0,1,,A,Calendar Year,,National Economic and Social Development Council,
ADB:DF_NA(1.0),A,NIGS_XGDP_PS,THA,2017,53.9,PCT,0,1,,A,Calendar Year,,National Economic and Social Development Council,
ADB:DF_NA(1.0),A,NIGS_XGDP_PS,THA,2018,56.50302132,PCT,0,1,,A,Calendar Year,,National Economic and Social Development Council,
ADB:DF_NA(1.0),A,NIGS_XGDP_PS,THA,2019,50.17062409,PCT,0,1,,A,Calendar Year,,National Economic and Social Development Council,
ADB:DF_NA(1.0),A,NIGS_XGDP_PS,THA,2020,46.32362297,PCT,0,1,,A,Calendar Year,,National Economic and Social Development Council,
ADB:DF_NA(1.0),A,NIGS_XGDP_PS,THA,2021,58.71035974,PCT,0,1,,A,Calendar Year,,National Economic and Social Development Council,
ADB:DF_NA(1.0),A,NIGS_XGDP_PS,THA,2022,67.47962629,PCT,0,1,,A,Calendar Year,,National Economic and Social Development Council,
ADB:DF_NA(1.0),A,NIGS_XGDP_PS,THA,2023,63.27877142,PCT,0,1,,P,Calendar Year,,National Economic and Social Development Council,
ADB:DF_NA(1.0),A,NIGS_XGDP_PS,THA,2024,66.05230667,PCT,0,1,,P,Calendar Year,,National Economic and Social Development Council,
ADB:DF_NA(1.0),A,NIGS_XGDP_PS,THA,2025,67.2655884,PCT,0,1,,P,Calendar Year,,National Economic and Social Development Council,
ADB:DF_NA(1.0),A,NIGS_XGDP_PS,VIE,2005,67.01535,PCT,0,1,"2005-2010: For 2000–2009, the GDP data series is based on unreassessed/unreevaluated scale. Starting 2010, the GDP data are based on the reevaluated scale.",A,Calendar Year,,National Statistics Office,
ADB:DF_NA(1.0),A,NIGS_XGDP_PS,VIE,2006,70.72582,PCT,0,1,"2005-2010: For 2000–2009, the GDP data series is based on unreassessed/unreevaluated scale. Starting 2010, the GDP data are based on the reevaluated scale.",A,Calendar Year,,National Statistics Office,
ADB:DF_NA(1.0),A,NIGS_XGDP_PS,VIE,2007,84.66495,PCT,0,1,"2005-2010: For 2000–2009, the GDP data series is based on unreassessed/unreevaluated scale. Starting 2010, the GDP data are based on the reevaluated scale.",A,Calendar Year,,National Statistics Office,
ADB:DF_NA(1.0),A,NIGS_XGDP_PS,VIE,2008,85.15733,PCT,0,1,"2005-2010: For 2000–2009, the GDP data series is based on unreassessed/unreevaluated scale. Starting 2010, the GDP data are based on the reevaluated scale.",A,Calendar Year,,National Statistics Office,
ADB:DF_NA(1.0),A,NIGS_XGDP_PS,VIE,2009,73.33891699,PCT,0,1,"2005-2010: For 2000–2009, the GDP data series is based on unreassessed/unreevaluated scale. Starting 2010, the GDP data are based on the reevaluated scale.",A,Calendar Year,,National Statistics Office,
ADB:DF_NA(1.0),A,NIGS_XGDP_PS,VIE,2010,59.8018426,PCT,0,1,"2005-2010: For 2000–2009, the GDP data series is based on unreassessed/unreevaluated scale. Starting 2010, the GDP data are based on the reevaluated scale.",B,Calendar Year,,National Statistics Office,
ADB:DF_NA(1.0),A,NIGS_XGDP_PS,VIE,2011,64.08042252,PCT,0,1,"2005-2010: For 2000–2009, the GDP data series is based on unreassessed/unreevaluated scale. Starting 2010, the GDP data are based on the reevaluated scale.",A,Calendar Year,,National Statistics Office,
ADB:DF_NA(1.0),A,NIGS_XGDP_PS,VIE,2012,59.75019225,PCT,0,1,"2005-2010: For 2000–2009, the GDP data series is based on unreassessed/unreevaluated scale. Starting 2010, the GDP data are based on the reevaluated scale.",A,Calendar Year,,National Statistics Office,
ADB:DF_NA(1.0),A,NIGS_XGDP_PS,VIE,2013,64.04590912,PCT,0,1,"2005-2010: For 2000–2009, the GDP data series is based on unreassessed/unreevaluated scale. Starting 2010, the GDP data are based on the reevaluated scale.",A,Calendar Year,,National Statistics Office,
ADB:DF_NA(1.0),A,NIGS_XGDP_PS,VIE,2014,65.81194553,PCT,0,1,"2005-2010: For 2000–2009, the GDP data series is based on unreassessed/unreevaluated scale. Starting 2010, the GDP data are based on the reevaluated scale.",A,Calendar Year,,National Statistics Office,
ADB:DF_NA(1.0),A,NIGS_XGDP_PS,VIE,2015,71.99137627,PCT,0,1,"2005-2010: For 2000–2009, the GDP data series is based on unreassessed/unreevaluated scale. Starting 2010, the GDP data are based on the reevaluated scale.",A,Calendar Year,,National Statistics Office,
ADB:DF_NA(1.0),A,NIGS_XGDP_PS,VIE,2016,71.30222164,PCT,0,1,"2005-2010: For 2000–2009, the GDP data series is based on unreassessed/unreevaluated scale. Starting 2010, the GDP data are based on the reevaluated scale.",A,Calendar Year,,National Statistics Office,
ADB:DF_NA(1.0),A,NIGS_XGDP_PS,VIE,2017,79.21756138,PCT,0,1,"2005-2010: For 2000–2009, the GDP data series is based on unreassessed/unreevaluated scale. Starting 2010, the GDP data are based on the reevaluated scale.",A,Calendar Year,,National Statistics Office,
ADB:DF_NA(1.0),A,NIGS_XGDP_PS,VIE,2018,80.24048073,PCT,0,1,"2005-2010: For 2000–2009, the GDP data series is based on unreassessed/unreevaluated scale. Starting 2010, the GDP data are based on the reevaluated scale.",A,Calendar Year,,National Statistics Office,
ADB:DF_NA(1.0),A,NIGS_XGDP_PS,VIE,2019,79.54662743,PCT,0,1,"2005-2010: For 2000–2009, the GDP data series is based on unreassessed/unreevaluated scale. Starting 2010, the GDP data are based on the reevaluated scale.",A,Calendar Year,,National Statistics Office,
ADB:DF_NA(1.0),A,NIGS_XGDP_PS,VIE,2020,78.86426525,PCT,0,1,"2005-2010: For 2000–2009, the GDP data series is based on unreassessed/unreevaluated scale. Starting 2010, the GDP data are based on the reevaluated scale.",A,Calendar Year,,National Statistics Office,
ADB:DF_NA(1.0),A,NIGS_XGDP_PS,VIE,2021,92.83,PCT,0,1,"2005-2010: For 2000–2009, the GDP data series is based on unreassessed/unreevaluated scale. Starting 2010, the GDP data are based on the reevaluated scale.",A,Calendar Year,,National Statistics Office,
ADB:DF_NA(1.0),A,NIGS_XGDP_PS,VIE,2022,89.73348998,PCT,0,1,"2005-2010: For 2000–2009, the GDP data series is based on unreassessed/unreevaluated scale. Starting 2010, the GDP data are based on the reevaluated scale.",A,Calendar Year,,National Statistics Office,
ADB:DF_NA(1.0),A,NIGS_XGDP_PS,VIE,2023,78.25892146,PCT,0,1,"2005-2010: For 2000–2009, the GDP data series is based on unreassessed/unreevaluated scale. Starting 2010, the GDP data are based on the reevaluated scale.",A,Calendar Year,,National Statistics Office,
ADB:DF_NA(1.0),A,NIGS_XGDP_PS,VIE,2024,83.63017933,PCT,0,1,"2005-2010: For 2000–2009, the GDP data series is based on unreassessed/unreevaluated scale. Starting 2010, the GDP data are based on the reevaluated scale.",A,Calendar Year,,National Statistics Office,
ADB:DF_NA(1.0),A,NIGS_XGDP_PS,VIE,2025,92.09240095,PCT,0,1,"2005-2010: For 2000–2009, the GDP data series is based on unreassessed/unreevaluated scale. Starting 2010, the GDP data are based on the reevaluated scale.",A,Calendar Year,,National Statistics Office,
ADB:DF_NA(1.0),A,NGDP_R_XDC,INO,2005,1750.8152,IDR,12,0,"1) For 2010 onward, data are based on the 2008 System of National Accounts. Base year was also changed from 2000 to 2010.|2) 2024, 2025: For 2024, data refer to preliminary figures. For 2025, data refer to very preliminary figures.",A,Calendar Year,2000,BPS Statistics Indonesia,
ADB:DF_NA(1.0),A,NGDP_R_XDC,INO,2006,1847.1267,IDR,12,0,"1) For 2010 onward, data are based on the 2008 System of National Accounts. Base year was also changed from 2000 to 2010.|2) 2024, 2025: For 2024, data refer to preliminary figures. For 2025, data refer to very preliminary figures.",A,Calendar Year,2000,BPS Statistics Indonesia,
ADB:DF_NA(1.0),A,NGDP_R_XDC,INO,2007,1964.3273,IDR,12,0,"1) For 2010 onward, data are based on the 2008 System of National Accounts. Base year was also changed from 2000 to 2010.|2) 2024, 2025: For 2024, data refer to preliminary figures. For 2025, data refer to very preliminary figures.",A,Calendar Year,2000,BPS Statistics Indonesia,
ADB:DF_NA(1.0),A,NGDP_R_XDC,INO,2008,2082.4561,IDR,12,0,"1) For 2010 onward, data are based on the 2008 System of National Accounts. Base year was also changed from 2000 to 2010.|2) 2024, 2025: For 2024, data refer to preliminary figures. For 2025, data refer to very preliminary figures.",A,Calendar Year,2000,BPS Statistics Indonesia,
ADB:DF_NA(1.0),A,NGDP_R_XDC,INO,2009,2178.851,IDR,12,0,"1) For 2010 onward, data are based on the 2008 System of National Accounts. Base year was also changed from 2000 to 2010.|2) 2024, 2025: For 2024, data refer to preliminary figures. For 2025, data refer to very preliminary figures.",A,Calendar Year,2000,BPS Statistics Indonesia,
ADB:DF_NA(1.0),A,NGDP_R_XDC,INO,2010,6864.1331,IDR,12,0,"1) For 2010 onward, data are based on the 2008 System of National Accounts. Base year was also changed from 2000 to 2010.|2) 2024, 2025: For 2024, data refer to preliminary figures. For 2025, data refer to very preliminary figures.",B,Calendar Year,2010,BPS Statistics Indonesia,System of National Accounts - 2008
ADB:DF_NA(1.0),A,NGDP_R_XDC,INO,2011,7287.6353,IDR,12,0,"1) For 2010 onward, data are based on the 2008 System of National Accounts. Base year was also changed from 2000 to 2010.|2) 2024, 2025: For 2024, data refer to preliminary figures. For 2025, data refer to very preliminary figures.",A,Calendar Year,2010,BPS Statistics Indonesia,System of National Accounts - 2008
ADB:DF_NA(1.0),A,NGDP_R_XDC,INO,2012,7727.0834,IDR,12,0,"1) For 2010 onward, data are based on the 2008 System of National Accounts. Base year was also changed from 2000 to 2010.|2) 2024, 2025: For 2024, data refer to preliminary figures. For 2025, data refer to very preliminary figures.",A,Calendar Year,2010,BPS Statistics Indonesia,System of National Accounts - 2008
ADB:DF_NA(1.0),A,NGDP_R_XDC,INO,2013,8156.4978,IDR,12,0,"1) For 2010 onward, data are based on the 2008 System of National Accounts. Base year was also changed from 2000 to 2010.|2) 2024, 2025: For 2024, data refer to preliminary figures. For 2025, data refer to very preliminary figures.",A,Calendar Year,2010,BPS Statistics Indonesia,System of National Accounts - 2008
ADB:DF_NA(1.0),A,NGDP_R_XDC,INO,2014,8564.8666,IDR,12,0,"1) For 2010 onward, data are based on the 2008 System of National Accounts. Base year was also changed from 2000 to 2010.|2) 2024, 2025: For 2024, data refer to preliminary figures. For 2025, data refer to very preliminary figures.",A,Calendar Year,2010,BPS Statistics Indonesia,System of National Accounts - 2008
ADB:DF_NA(1.0),A,NGDP_R_XDC,INO,2015,8982.5171,IDR,12,0,"1) For 2010 onward, data are based on the 2008 System of National Accounts. Base year was also changed from 2000 to 2010.|2) 2024, 2025: For 2024, data refer to preliminary figures. For 2025, data refer to very preliminary figures.",A,Calendar Year,2010,BPS Statistics Indonesia,System of National Accounts - 2008
ADB:DF_NA(1.0),A,NGDP_R_XDC,INO,2016,9434.6134,IDR,12,0,"1) For 2010 onward, data are based on the 2008 System of National Accounts. Base year was also changed from 2000 to 2010.|2) 2024, 2025: For 2024, data refer to preliminary figures. For 2025, data refer to very preliminary figures.",A,Calendar Year,2010,BPS Statistics Indonesia,System of National Accounts - 2008
ADB:DF_NA(1.0),A,NGDP_R_XDC,INO,2017,9912.9281,IDR,12,0,"1) For 2010 onward, data are based on the 2008 System of National Accounts. Base year was also changed from 2000 to 2010.|2) 2024, 2025: For 2024, data refer to preliminary figures. For 2025, data refer to very preliminary figures.",A,Calendar Year,2010,BPS Statistics Indonesia,System of National Accounts - 2008
ADB:DF_NA(1.0),A,NGDP_R_XDC,INO,2018,10425.8519,IDR,12,0,"1) For 2010 onward, data are based on the 2008 System of National Accounts. Base year was also changed from 2000 to 2010.|2) 2024, 2025: For 2024, data refer to preliminary figures. For 2025, data refer to very preliminary figures.",A,Calendar Year,2010,BPS Statistics Indonesia,System of National Accounts - 2008
ADB:DF_NA(1.0),A,NGDP_R_XDC,INO,2019,10949.1554,IDR,12,0,"1) For 2010 onward, data are based on the 2008 System of National Accounts. Base year was also changed from 2000 to 2010.|2) 2024, 2025: For 2024, data refer to preliminary figures. For 2025, data refer to very preliminary figures.",A,Calendar Year,2010,BPS Statistics Indonesia,System of National Accounts - 2008
ADB:DF_NA(1.0),A,NGDP_R_XDC,INO,2020,10722.9993,IDR,12,0,"1) For 2010 onward, data are based on the 2008 System of National Accounts. Base year was also changed from 2000 to 2010.|2) 2024, 2025: For 2024, data refer to preliminary figures. For 2025, data refer to very preliminary figures.",A,Calendar Year,2010,BPS Statistics Indonesia,System of National Accounts - 2008
ADB:DF_NA(1.0),A,NGDP_R_XDC,INO,2021,11120.0597,IDR,12,0,"1) For 2010 onward, data are based on the 2008 System of National Accounts. Base year was also changed from 2000 to 2010.|2) 2024, 2025: For 2024, data refer to preliminary figures. For 2025, data refer to very preliminary figures.",A,Calendar Year,2010,BPS Statistics Indonesia,System of National Accounts - 2008
ADB:DF_NA(1.0),A,NGDP_R_XDC,INO,2022,11710.2232,IDR,12,0,"1) For 2010 onward, data are based on the 2008 System of National Accounts. Base year was also changed from 2000 to 2010.|2) 2024, 2025: For 2024, data refer to preliminary figures. For 2025, data refer to very preliminary figures.",A,Calendar Year,2010,BPS Statistics Indonesia,System of National Accounts - 2008
ADB:DF_NA(1.0),A,NGDP_R_XDC,INO,2023,12301.4526,IDR,12,0,"1) For 2010 onward, data are based on the 2008 System of National Accounts. Base year was also changed from 2000 to 2010.|2) 2024, 2025: For 2024, data refer to preliminary figures. For 2025, data refer to very preliminary figures.",A,Calendar Year,2010,BPS Statistics Indonesia,System of National Accounts - 2008
ADB:DF_NA(1.0),A,NGDP_R_XDC,INO,2024,12920.5324,IDR,12,0,"1) For 2010 onward, data are based on the 2008 System of National Accounts. Base year was also changed from 2000 to 2010.|2) 2024, 2025: For 2024, data refer to preliminary figures. For 2025, data refer to very preliminary figures.",P,Calendar Year,2010,BPS Statistics Indonesia,System of National Accounts - 2008
ADB:DF_NA(1.0),A,NGDP_R_XDC,INO,2025,13580.5247,IDR,12,0,"1) For 2010 onward, data are based on the 2008 System of National Accounts. Base year was also changed from 2000 to 2010.|2) 2024, 2025: For 2024, data refer to preliminary figures. For 2025, data refer to very preliminary figures.",P,Calendar Year,2010,BPS Statistics Indonesia,System of National Accounts - 2008
ADB:DF_NA(1.0),A,NGDP_R_XDC,MAL,2005,543579,MYR,6,0,,B,Calendar Year,2005,Department of Statistics,
ADB:DF_NA(1.0),A,NGDP_R_XDC,MAL,2006,573938,MYR,6,0,,A,Calendar Year,2005,Department of Statistics,
ADB:DF_NA(1.0),A,NGDP_R_XDC,MAL,2007,610085,MYR,6,0,,A,Calendar Year,2005,Department of Statistics,
ADB:DF_NA(1.0),A,NGDP_R_XDC,MAL,2008,639566,MYR,6,0,,A,Calendar Year,2005,Department of Statistics,
ADB:DF_NA(1.0),A,NGDP_R_XDC,MAL,2009,629885,MYR,6,0,,A,Calendar Year,2005,Department of Statistics,
ADB:DF_NA(1.0),A,NGDP_R_XDC,MAL,2010,821434,MYR,6,0,,B,Calendar Year,2010,Department of Statistics,
ADB:DF_NA(1.0),A,NGDP_R_XDC,MAL,2011,864920,MYR,6,0,,A,Calendar Year,2010,Department of Statistics,
ADB:DF_NA(1.0),A,NGDP_R_XDC,MAL,2012,912261,MYR,6,0,,A,Calendar Year,2010,Department of Statistics,
ADB:DF_NA(1.0),A,NGDP_R_XDC,MAL,2013,955080,MYR,6,0,,A,Calendar Year,2010,Department of Statistics,
ADB:DF_NA(1.0),A,NGDP_R_XDC,MAL,2014,1012449,MYR,6,0,,A,Calendar Year,2010,Department of Statistics,
ADB:DF_NA(1.0),A,NGDP_R_XDC,MAL,2015,1176941.187,MYR,6,0,,B,Calendar Year,2015,Department of Statistics,
ADB:DF_NA(1.0),A,NGDP_R_XDC,MAL,2016,1229312.497,MYR,6,0,,A,Calendar Year,2015,Department of Statistics,
ADB:DF_NA(1.0),A,NGDP_R_XDC,MAL,2017,1300769.019,MYR,6,0,,A,Calendar Year,2015,Department of Statistics,
ADB:DF_NA(1.0),A,NGDP_R_XDC,MAL,2018,1363766.395,MYR,6,0,,A,Calendar Year,2015,Department of Statistics,
ADB:DF_NA(1.0),A,NGDP_R_XDC,MAL,2019,1423951.962,MYR,6,0,,A,Calendar Year,2015,Department of Statistics,
ADB:DF_NA(1.0),A,NGDP_R_XDC,MAL,2020,1346249.088,MYR,6,0,,A,Calendar Year,2015,Department of Statistics,
ADB:DF_NA(1.0),A,NGDP_R_XDC,MAL,2021,1390881.951,MYR,6,0,,A,Calendar Year,2015,Department of Statistics,
ADB:DF_NA(1.0),A,NGDP_R_XDC,MAL,2022,1516502.754,MYR,6,0,,A,Calendar Year,2015,Department of Statistics,
ADB:DF_NA(1.0),A,NGDP_R_XDC,MAL,2023,1570774.181,MYR,6,0,,A,Calendar Year,2015,Department of Statistics,
ADB:DF_NA(1.0),A,NGDP_R_XDC,MAL,2024,1651872.788,MYR,6,0,,A,Calendar Year,2015,Department of Statistics,
ADB:DF_NA(1.0),A,NGDP_R_XDC,MAL,2025,1736953.27,MYR,6,0,,A,Calendar Year,2015,Department of Statistics,
ADB:DF_NA(1.0),A,NGDP_R_XDC,SIN,2005,245134.6,SGD,6,1,2015: Data are expressed in chained (2015) Singapore dollars. Chain-linked data generally do not add up to the total.,A,Calendar Year,2015,Singapore Department of Statistics,
ADB:DF_NA(1.0),A,NGDP_R_XDC,SIN,2006,267213.3,SGD,6,1,2015: Data are expressed in chained (2015) Singapore dollars. Chain-linked data generally do not add up to the total.,A,Calendar Year,2015,Singapore Department of Statistics,
ADB:DF_NA(1.0),A,NGDP_R_XDC,SIN,2007,291320,SGD,6,1,2015: Data are expressed in chained (2015) Singapore dollars. Chain-linked data generally do not add up to the total.,A,Calendar Year,2015,Singapore Department of Statistics,
ADB:DF_NA(1.0),A,NGDP_R_XDC,SIN,2008,296748.7,SGD,6,1,2015: Data are expressed in chained (2015) Singapore dollars. Chain-linked data generally do not add up to the total.,A,Calendar Year,2015,Singapore Department of Statistics,
ADB:DF_NA(1.0),A,NGDP_R_XDC,SIN,2009,297128.4,SGD,6,1,2015: Data are expressed in chained (2015) Singapore dollars. Chain-linked data generally do not add up to the total.,A,Calendar Year,2015,Singapore Department of Statistics,
ADB:DF_NA(1.0),A,NGDP_R_XDC,SIN,2010,340270.7,SGD,6,1,2015: Data are expressed in chained (2015) Singapore dollars. Chain-linked data generally do not add up to the total.,A,Calendar Year,2015,Singapore Department of Statistics,
ADB:DF_NA(1.0),A,NGDP_R_XDC,SIN,2011,361418.3,SGD,6,1,2015: Data are expressed in chained (2015) Singapore dollars. Chain-linked data generally do not add up to the total.,A,Calendar Year,2015,Singapore Department of Statistics,
ADB:DF_NA(1.0),A,NGDP_R_XDC,SIN,2012,377449,SGD,6,1,2015: Data are expressed in chained (2015) Singapore dollars. Chain-linked data generally do not add up to the total.,A,Calendar Year,2015,Singapore Department of Statistics,
ADB:DF_NA(1.0),A,NGDP_R_XDC,SIN,2013,395633.1,SGD,6,1,2015: Data are expressed in chained (2015) Singapore dollars. Chain-linked data generally do not add up to the total.,A,Calendar Year,2015,Singapore Department of Statistics,
ADB:DF_NA(1.0),A,NGDP_R_XDC,SIN,2014,411203.4,SGD,6,1,2015: Data are expressed in chained (2015) Singapore dollars. Chain-linked data generally do not add up to the total.,A,Calendar Year,2015,Singapore Department of Statistics,
ADB:DF_NA(1.0),A,NGDP_R_XDC,SIN,2015,423444.1,SGD,6,1,2015: Data are expressed in chained (2015) Singapore dollars. Chain-linked data generally do not add up to the total.,A,Calendar Year,2015,Singapore Department of Statistics,
ADB:DF_NA(1.0),A,NGDP_R_XDC,SIN,2016,440004.8,SGD,6,1,2015: Data are expressed in chained (2015) Singapore dollars. Chain-linked data generally do not add up to the total.,A,Calendar Year,2015,Singapore Department of Statistics,
ADB:DF_NA(1.0),A,NGDP_R_XDC,SIN,2017,459042.9,SGD,6,1,2015: Data are expressed in chained (2015) Singapore dollars. Chain-linked data generally do not add up to the total.,A,Calendar Year,2015,Singapore Department of Statistics,
ADB:DF_NA(1.0),A,NGDP_R_XDC,SIN,2018,473670.8,SGD,6,1,2015: Data are expressed in chained (2015) Singapore dollars. Chain-linked data generally do not add up to the total.,A,Calendar Year,2015,Singapore Department of Statistics,
ADB:DF_NA(1.0),A,NGDP_R_XDC,SIN,2019,479159.6,SGD,6,1,2015: Data are expressed in chained (2015) Singapore dollars. Chain-linked data generally do not add up to the total.,A,Calendar Year,2015,Singapore Department of Statistics,
ADB:DF_NA(1.0),A,NGDP_R_XDC,SIN,2020,461857.9,SGD,6,1,2015: Data are expressed in chained (2015) Singapore dollars. Chain-linked data generally do not add up to the total.,A,Calendar Year,2015,Singapore Department of Statistics,
ADB:DF_NA(1.0),A,NGDP_R_XDC,SIN,2021,508695.3,SGD,6,1,2015: Data are expressed in chained (2015) Singapore dollars. Chain-linked data generally do not add up to the total.,A,Calendar Year,2015,Singapore Department of Statistics,
ADB:DF_NA(1.0),A,NGDP_R_XDC,SIN,2022,529095.4,SGD,6,1,2015: Data are expressed in chained (2015) Singapore dollars. Chain-linked data generally do not add up to the total.,A,Calendar Year,2015,Singapore Department of Statistics,
ADB:DF_NA(1.0),A,NGDP_R_XDC,SIN,2023,536768.7,SGD,6,1,2015: Data are expressed in chained (2015) Singapore dollars. Chain-linked data generally do not add up to the total.,A,Calendar Year,2015,Singapore Department of Statistics,
ADB:DF_NA(1.0),A,NGDP_R_XDC,SIN,2024,565451,SGD,6,1,2015: Data are expressed in chained (2015) Singapore dollars. Chain-linked data generally do not add up to the total.,A,Calendar Year,2015,Singapore Department of Statistics,
ADB:DF_NA(1.0),A,NGDP_R_XDC,SIN,2025,593869.9,SGD,6,1,2015: Data are expressed in chained (2015) Singapore dollars. Chain-linked data generally do not add up to the total.,A,Calendar Year,2015,Singapore Department of Statistics,
ADB:DF_NA(1.0),A,NGDP_R_XDC,THA,2005,6848.59,THB,9,0,"Chain volume series are not additive. Thus, the sum of the components will not add up to the total.",A,Calendar Year,,National Economic and Social Development Council,"In chained prices, benchmarked at 2002 market prices"
ADB:DF_NA(1.0),A,NGDP_R_XDC,THA,2006,7188.814,THB,9,0,"Chain volume series are not additive. Thus, the sum of the components will not add up to the total.",A,Calendar Year,,National Economic and Social Development Council,"In chained prices, benchmarked at 2002 market prices"
ADB:DF_NA(1.0),A,NGDP_R_XDC,THA,2007,7579.538,THB,9,0,"Chain volume series are not additive. Thus, the sum of the components will not add up to the total.",A,Calendar Year,,National Economic and Social Development Council,"In chained prices, benchmarked at 2002 market prices"
ADB:DF_NA(1.0),A,NGDP_R_XDC,THA,2008,7710.337,THB,9,0,"Chain volume series are not additive. Thus, the sum of the components will not add up to the total.",A,Calendar Year,,National Economic and Social Development Council,"In chained prices, benchmarked at 2002 market prices"
ADB:DF_NA(1.0),A,NGDP_R_XDC,THA,2009,7657.089,THB,9,0,"Chain volume series are not additive. Thus, the sum of the components will not add up to the total.",A,Calendar Year,,National Economic and Social Development Council,"In chained prices, benchmarked at 2002 market prices"
ADB:DF_NA(1.0),A,NGDP_R_XDC,THA,2010,8232.395,THB,9,0,"Chain volume series are not additive. Thus, the sum of the components will not add up to the total.",A,Calendar Year,,National Economic and Social Development Council,"In chained prices, benchmarked at 2002 market prices"
ADB:DF_NA(1.0),A,NGDP_R_XDC,THA,2011,8301.56,THB,9,0,"Chain volume series are not additive. Thus, the sum of the components will not add up to the total.",A,Calendar Year,,National Economic and Social Development Council,"In chained prices, benchmarked at 2002 market prices"
ADB:DF_NA(1.0),A,NGDP_R_XDC,THA,2012,8902.824,THB,9,0,"Chain volume series are not additive. Thus, the sum of the components will not add up to the total.",A,Calendar Year,,National Economic and Social Development Council,"In chained prices, benchmarked at 2002 market prices"
ADB:DF_NA(1.0),A,NGDP_R_XDC,THA,2013,9142.077,THB,9,0,"Chain volume series are not additive. Thus, the sum of the components will not add up to the total.",A,Calendar Year,,National Economic and Social Development Council,"In chained prices, benchmarked at 2002 market prices"
ADB:DF_NA(1.0),A,NGDP_R_XDC,THA,2014,9232.089,THB,9,0,"Chain volume series are not additive. Thus, the sum of the components will not add up to the total.",A,Calendar Year,,National Economic and Social Development Council,"In chained prices, benchmarked at 2002 market prices"
ADB:DF_NA(1.0),A,NGDP_R_XDC,THA,2015,9521.426,THB,9,0,"Chain volume series are not additive. Thus, the sum of the components will not add up to the total.",A,Calendar Year,,National Economic and Social Development Council,"In chained prices, benchmarked at 2002 market prices"
ADB:DF_NA(1.0),A,NGDP_R_XDC,THA,2016,9848.502,THB,9,0,"Chain volume series are not additive. Thus, the sum of the components will not add up to the total.",A,Calendar Year,,National Economic and Social Development Council,"In chained prices, benchmarked at 2002 market prices"
ADB:DF_NA(1.0),A,NGDP_R_XDC,THA,2017,10259.941,THB,9,0,"Chain volume series are not additive. Thus, the sum of the components will not add up to the total.",A,Calendar Year,,National Economic and Social Development Council,"In chained prices, benchmarked at 2002 market prices"
ADB:DF_NA(1.0),A,NGDP_R_XDC,THA,2018,10693.204,THB,9,0,"Chain volume series are not additive. Thus, the sum of the components will not add up to the total.",A,Calendar Year,,National Economic and Social Development Council,"In chained prices, benchmarked at 2002 market prices"
ADB:DF_NA(1.0),A,NGDP_R_XDC,THA,2019,10919.319,THB,9,0,"Chain volume series are not additive. Thus, the sum of the components will not add up to the total.",A,Calendar Year,,National Economic and Social Development Council,"In chained prices, benchmarked at 2002 market prices"
ADB:DF_NA(1.0),A,NGDP_R_XDC,THA,2020,10253.998,THB,9,0,"Chain volume series are not additive. Thus, the sum of the components will not add up to the total.",A,Calendar Year,,National Economic and Social Development Council,"In chained prices, benchmarked at 2002 market prices"
ADB:DF_NA(1.0),A,NGDP_R_XDC,THA,2021,10413.815,THB,9,0,"Chain volume series are not additive. Thus, the sum of the components will not add up to the total.",A,Calendar Year,,National Economic and Social Development Council,"In chained prices, benchmarked at 2002 market prices"
ADB:DF_NA(1.0),A,NGDP_R_XDC,THA,2022,10688.515,THB,9,0,"Chain volume series are not additive. Thus, the sum of the components will not add up to the total.",A,Calendar Year,,National Economic and Social Development Council,"In chained prices, benchmarked at 2002 market prices"
ADB:DF_NA(1.0),A,NGDP_R_XDC,THA,2023,10928.882,THB,9,0,"Chain volume series are not additive. Thus, the sum of the components will not add up to the total.",P,Calendar Year,,National Economic and Social Development Council,"In chained prices, benchmarked at 2002 market prices"
ADB:DF_NA(1.0),A,NGDP_R_XDC,THA,2024,11251.131,THB,9,0,"Chain volume series are not additive. Thus, the sum of the components will not add up to the total.",P,Calendar Year,,National Economic and Social Development Council,"In chained prices, benchmarked at 2002 market prices"
ADB:DF_NA(1.0),A,NGDP_R_XDC,THA,2025,11525.937,THB,9,0,"Chain volume series are not additive. Thus, the sum of the components will not add up to the total.",P,Calendar Year,,National Economic and Social Development Council,"In chained prices, benchmarked at 2002 market prices"
ADB:DF_NA(1.0),A,NGDP_R_XDC,VIE,2005,1588645.953,VND,9,0,"2005-2010: For 2000–2009, the GDP data series is based on unreassessed/unreevaluated scale. Starting 2010, the GDP data are based on the reevaluated scale.",B,Calendar Year,2010,National Statistics Office,
ADB:DF_NA(1.0),A,NGDP_R_XDC,VIE,2006,1699501.269,VND,9,0,"2005-2010: For 2000–2009, the GDP data series is based on unreassessed/unreevaluated scale. Starting 2010, the GDP data are based on the reevaluated scale.",A,Calendar Year,2010,National Statistics Office,
ADB:DF_NA(1.0),A,NGDP_R_XDC,VIE,2007,1820667.101,VND,9,0,"2005-2010: For 2000–2009, the GDP data series is based on unreassessed/unreevaluated scale. Starting 2010, the GDP data are based on the reevaluated scale.",A,Calendar Year,2010,National Statistics Office,
ADB:DF_NA(1.0),A,NGDP_R_XDC,VIE,2008,1923749.392,VND,9,0,"2005-2010: For 2000–2009, the GDP data series is based on unreassessed/unreevaluated scale. Starting 2010, the GDP data are based on the reevaluated scale.",A,Calendar Year,2010,National Statistics Office,
ADB:DF_NA(1.0),A,NGDP_R_XDC,VIE,2009,2027590.911,VND,9,0,"2005-2010: For 2000–2009, the GDP data series is based on unreassessed/unreevaluated scale. Starting 2010, the GDP data are based on the reevaluated scale.",A,Calendar Year,2010,National Statistics Office,
ADB:DF_NA(1.0),A,NGDP_R_XDC,VIE,2010,2739843,VND,9,0,"2005-2010: For 2000–2009, the GDP data series is based on unreassessed/unreevaluated scale. Starting 2010, the GDP data are based on the reevaluated scale.",B,Calendar Year,2010,National Statistics Office,
ADB:DF_NA(1.0),A,NGDP_R_XDC,VIE,2011,2915554,VND,9,0,"2005-2010: For 2000–2009, the GDP data series is based on unreassessed/unreevaluated scale. Starting 2010, the GDP data are based on the reevaluated scale.",A,Calendar Year,2010,National Statistics Office,
ADB:DF_NA(1.0),A,NGDP_R_XDC,VIE,2012,3076042,VND,9,0,"2005-2010: For 2000–2009, the GDP data series is based on unreassessed/unreevaluated scale. Starting 2010, the GDP data are based on the reevaluated scale.",A,Calendar Year,2010,National Statistics Office,
ADB:DF_NA(1.0),A,NGDP_R_XDC,VIE,2013,3246870,VND,9,0,"2005-2010: For 2000–2009, the GDP data series is based on unreassessed/unreevaluated scale. Starting 2010, the GDP data are based on the reevaluated scale.",A,Calendar Year,2010,National Statistics Office,
ADB:DF_NA(1.0),A,NGDP_R_XDC,VIE,2014,3455392,VND,9,0,"2005-2010: For 2000–2009, the GDP data series is based on unreassessed/unreevaluated scale. Starting 2010, the GDP data are based on the reevaluated scale.",A,Calendar Year,2010,National Statistics Office,
ADB:DF_NA(1.0),A,NGDP_R_XDC,VIE,2015,3696826,VND,9,0,"2005-2010: For 2000–2009, the GDP data series is based on unreassessed/unreevaluated scale. Starting 2010, the GDP data are based on the reevaluated scale.",A,Calendar Year,2010,National Statistics Office,
ADB:DF_NA(1.0),A,NGDP_R_XDC,VIE,2016,3944144,VND,9,0,"2005-2010: For 2000–2009, the GDP data series is based on unreassessed/unreevaluated scale. Starting 2010, the GDP data are based on the reevaluated scale.",A,Calendar Year,2010,National Statistics Office,
ADB:DF_NA(1.0),A,NGDP_R_XDC,VIE,2017,4217875,VND,9,0,"2005-2010: For 2000–2009, the GDP data series is based on unreassessed/unreevaluated scale. Starting 2010, the GDP data are based on the reevaluated scale.",A,Calendar Year,2010,National Statistics Office,
ADB:DF_NA(1.0),A,NGDP_R_XDC,VIE,2018,4532739,VND,9,0,"2005-2010: For 2000–2009, the GDP data series is based on unreassessed/unreevaluated scale. Starting 2010, the GDP data are based on the reevaluated scale.",A,Calendar Year,2010,National Statistics Office,
ADB:DF_NA(1.0),A,NGDP_R_XDC,VIE,2019,4866316,VND,9,0,"2005-2010: For 2000–2009, the GDP data series is based on unreassessed/unreevaluated scale. Starting 2010, the GDP data are based on the reevaluated scale.",A,Calendar Year,2010,National Statistics Office,
ADB:DF_NA(1.0),A,NGDP_R_XDC,VIE,2020,5005756,VND,9,0,"2005-2010: For 2000–2009, the GDP data series is based on unreassessed/unreevaluated scale. Starting 2010, the GDP data are based on the reevaluated scale.",A,Calendar Year,2010,National Statistics Office,
ADB:DF_NA(1.0),A,NGDP_R_XDC,VIE,2021,5133589.06,VND,9,0,"2005-2010: For 2000–2009, the GDP data series is based on unreassessed/unreevaluated scale. Starting 2010, the GDP data are based on the reevaluated scale.",A,Calendar Year,2010,National Statistics Office,
ADB:DF_NA(1.0),A,NGDP_R_XDC,VIE,2022,5571869.2,VND,9,0,"2005-2010: For 2000–2009, the GDP data series is based on unreassessed/unreevaluated scale. Starting 2010, the GDP data are based on the reevaluated scale.",A,Calendar Year,2010,National Statistics Office,
ADB:DF_NA(1.0),A,NGDP_R_XDC,VIE,2023,5849273.7,VND,9,0,"2005-2010: For 2000–2009, the GDP data series is based on unreassessed/unreevaluated scale. Starting 2010, the GDP data are based on the reevaluated scale.",A,Calendar Year,2010,National Statistics Office,
ADB:DF_NA(1.0),A,NGDP_R_XDC,VIE,2024,6261036.3,VND,9,0,"2005-2010: For 2000–2009, the GDP data series is based on unreassessed/unreevaluated scale. Starting 2010, the GDP data are based on the reevaluated scale.",A,Calendar Year,2010,National Statistics Office,
ADB:DF_NA(1.0),A,NGDP_R_XDC,VIE,2025,6763098.166,VND,9,0,"2005-2010: For 2000–2009, the GDP data series is based on unreassessed/unreevaluated scale. Starting 2010, the GDP data are based on the reevaluated scale.",A,Calendar Year,2010,National Statistics Office,
